customer_id,event_month,event_seq,Monthly_GB_Download,Monthly_Long_Distance_Charges,Revenue,Extra_Data_Charges,Refunds,label,anomaly_type,anomaly_feature
C00001,2025-12-01,31,17.1052,26.0124,70.595,0.4518,0.0,0,normal,-
C00001,2025-12-02,32,15.0002,23.2853,69.3238,0.1574,0.0,0,normal,-
C00001,2025-12-03,33,13.9371,22.6124,67.2026,0.2815,0.2209,0,normal,-
C00001,2025-12-04,34,14.1551,22.0938,68.6757,0.0751,0.0,0,normal,-
C00001,2025-12-05,35,16.067,24.5063,69.4535,0.4525,0.2026,0,normal,-
C00001,2025-12-06,36,16.5104,25.1278,70.6403,0.4945,0.0835,0,normal,-
C00001,2025-12-07,37,17.1551,26.6969,72.359,0.4199,0.0609,0,normal,-
C00001,2025-12-08,38,15.7855,25.7204,69.0696,0.3339,0.077,0,normal,-
C00001,2025-12-09,39,14.3224,22.2986,67.2272,0.4069,0.0751,0,normal,-
C00001,2025-12-10,40,13.7153,21.5184,65.4593,0.3153,0.2126,0,normal,-
C00001,2025-12-11,41,33.5039,22.6714,77.9028,0.0579,0.09,1,spike,Monthly_GB_Download
C00001,2025-12-12,42,35.4843,23.216,77.0503,0.3064,0.2649,1,spike,Monthly_GB_Download
C00001,2025-12-13,43,38.2224,25.7837,79.5586,0.4943,0.2551,1,spike,Monthly_GB_Download
C00001,2025-12-14,44,40.6654,25.6803,80.6199,0.4402,0.0238,1,spike,Monthly_GB_Download
C00001,2025-12-15,45,41.2911,24.4721,79.1025,0.5347,0.0,1,spike,Monthly_GB_Download
C00002,2025-12-01,31,18.3725,29.444,72.0929,0.6585,0.2668,0,normal,-
C00002,2025-12-02,32,17.5458,26.6023,70.3425,0.5016,0.1108,0,normal,-
C00002,2025-12-03,33,16.2393,24.904,69.5388,0.574,0.2071,0,normal,-
C00002,2025-12-04,34,17.0038,26.3243,69.4452,0.4753,0.0,0,normal,-
C00002,2025-12-05,35,17.5832,27.5958,71.554,0.6857,0.1327,0,normal,-
C00002,2025-12-06,36,18.837,28.7847,72.5583,0.9464,0.2486,0,normal,-
C00002,2025-12-07,37,18.7517,28.8021,72.8466,0.8923,0.0873,0,normal,-
C00002,2025-12-08,38,18.3167,28.8773,72.0572,0.6263,0.0397,0,normal,-
C00002,2025-12-09,39,16.0647,25.6244,69.6581,0.6605,0.0,0,normal,-
C00002,2025-12-10,40,15.4131,25.0931,67.6621,0.4862,0.143,0,normal,-
C00002,2025-12-11,41,34.9514,25.4767,77.342,0.5483,0.2395,1,spike,Monthly_GB_Download
C00002,2025-12-12,42,37.4878,26.669,79.1786,0.7949,0.1513,1,spike,Monthly_GB_Download
C00002,2025-12-13,43,40.1289,28.007,82.4599,0.7863,0.2505,1,spike,Monthly_GB_Download
C00002,2025-12-14,44,42.4704,30.031,82.0757,1.0065,0.282,1,spike,Monthly_GB_Download
C00002,2025-12-15,45,43.0706,28.1803,80.7978,0.8445,0.1618,1,spike,Monthly_GB_Download
C00003,2025-12-01,31,20.4866,32.9668,74.3364,1.0984,0.2617,0,normal,-
C00003,2025-12-02,32,19.5793,30.4214,73.4967,0.668,0.0976,0,normal,-
C00003,2025-12-03,33,18.6958,28.6976,71.7899,0.6859,0.2058,0,normal,-
C00003,2025-12-04,34,18.6742,30.0112,71.3288,0.811,0.1148,0,normal,-
C00003,2025-12-05,35,19.6513,30.3154,72.2692,0.773,0.2076,0,normal,-
C00003,2025-12-06,36,21.225,32.1219,73.6393,1.0763,0.2736,0,normal,-
C00003,2025-12-07,37,21.5779,33.1697,73.9957,0.9807,0.0879,0,normal,-
C00003,2025-12-08,38,19.8849,31.0195,72.013,1.0177,0.116,0,normal,-
C00003,2025-12-09,39,19.0195,29.7031,72.0805,0.68,0.324,0,normal,-
C00003,2025-12-10,40,17.5819,29.0276,70.525,0.6845,0.1742,0,normal,-
C00003,2025-12-11,41,36.9978,27.5464,81.7615,0.73,0.3077,1,spike,Monthly_GB_Download
C00003,2025-12-12,42,39.8525,29.2967,82.2485,0.7493,0.0722,1,spike,Monthly_GB_Download
C00003,2025-12-13,43,42.6903,31.5272,84.6676,0.9446,0.2876,1,spike,Monthly_GB_Download
C00003,2025-12-14,44,44.5152,32.9973,82.8403,1.1326,0.1777,1,spike,Monthly_GB_Download
C00003,2025-12-15,45,45.0177,31.8903,83.9565,0.9354,0.2374,1,spike,Monthly_GB_Download
C00004,2025-12-01,31,22.9553,34.8641,76.1748,1.3179,0.3744,0,normal,-
C00004,2025-12-02,32,21.8847,33.7102,74.5492,1.079,0.3229,0,normal,-
C00004,2025-12-03,33,20.5422,32.8645,72.3938,0.9645,0.4092,0,normal,-
C00004,2025-12-04,34,20.696,33.2941,74.0221,1.1446,0.3683,0,normal,-
C00004,2025-12-05,35,22.2984,34.286,74.4167,1.2687,0.3358,0,normal,-
C00004,2025-12-06,36,23.4242,35.1935,75.025,1.4092,0.3923,0,normal,-
C00004,2025-12-07,37,23.6966,37.0584,76.2185,1.2599,0.2918,0,normal,-
C00004,2025-12-08,38,22.5655,35.0009,75.7166,1.4307,0.0861,0,normal,-
C00004,2025-12-09,39,20.9592,32.5312,72.9773,0.967,0.2559,0,normal,-
C00004,2025-12-10,40,19.7495,32.2512,71.1936,0.8239,0.3748,0,normal,-
C00004,2025-12-11,41,39.4896,31.3632,83.4824,0.8895,0.2314,1,spike,Monthly_GB_Download
C00004,2025-12-12,42,41.8205,33.0954,82.3124,1.2997,0.3854,1,spike,Monthly_GB_Download
C00004,2025-12-13,43,44.8936,34.6063,84.9214,1.3064,0.2757,1,spike,Monthly_GB_Download
C00004,2025-12-14,44,46.6446,35.5911,84.7087,1.5288,0.1397,1,spike,Monthly_GB_Download
C00004,2025-12-15,45,47.0654,34.461,83.6486,1.3113,0.2712,1,spike,Monthly_GB_Download
C00005,2025-12-01,31,25.3145,40.09,78.0284,1.5503,0.2574,0,normal,-
C00005,2025-12-02,32,23.2527,37.1953,76.001,1.4415,0.0916,0,normal,-
C00005,2025-12-03,33,23.092,34.9857,73.9878,1.2945,0.0,0,normal,-
C00005,2025-12-04,34,22.7388,36.5629,75.538,1.2351,0.2681,0,normal,-
C00005,2025-12-05,35,24.1025,37.8482,77.0252,1.3257,0.1656,0,normal,-
C00005,2025-12-06,36,25.5066,39.9465,78.7865,1.7215,0.0,0,normal,-
C00005,2025-12-07,37,25.3054,39.3182,77.7524,1.6677,0.0656,0,normal,-
C00005,2025-12-08,38,23.9657,38.3636,77.4357,1.5202,0.0,0,normal,-
C00005,2025-12-09,39,23.1734,35.4334,76.0567,1.2281,0.0,0,normal,-
C00005,2025-12-10,40,22.005,35.6936,74.0755,1.2866,0.1166,0,normal,-
C00005,2025-12-11,41,41.3285,34.5023,83.7166,1.3575,0.1826,1,spike,Monthly_GB_Download
C00005,2025-12-12,42,44.4732,37.52,86.7976,1.5061,0.0431,1,spike,Monthly_GB_Download
C00005,2025-12-13,43,46.9039,38.1268,87.3234,1.5427,0.0,1,spike,Monthly_GB_Download
C00005,2025-12-14,44,48.9304,38.8663,87.9437,1.7112,0.2025,1,spike,Monthly_GB_Download
C00005,2025-12-15,45,49.5799,38.9419,87.076,1.6063,0.1449,1,spike,Monthly_GB_Download
C00006,2025-12-01,31,27.0774,42.327,80.0424,0.5496,0.1966,0,normal,-
C00006,2025-12-02,32,25.3573,39.7495,78.576,0.1768,0.2233,0,normal,-
C00006,2025-12-03,33,24.9641,40.2179,78.0067,0.0755,0.174,0,normal,-
C00006,2025-12-04,34,24.7186,39.3398,78.5121,0.2494,0.1072,0,normal,-
C00006,2025-12-05,35,26.2605,42.3136,77.9968,0.3056,0.2471,0,normal,-
C00006,2025-12-06,36,27.5709,43.3888,80.7545,0.608,0.2099,0,normal,-
C00006,2025-12-07,37,27.4727,43.6368,79.7889,0.5147,0.0969,0,normal,-
C00006,2025-12-08,38,26.1424,41.296,80.0269,0.4405,0.0493,0,normal,-
C00006,2025-12-09,39,24.5665,38.8555,77.8921,0.111,0.2398,0,normal,-
C00006,2025-12-10,40,24.1917,39.2518,74.4233,0.0768,0.2382,0,normal,-
C00006,2025-12-11,41,43.2498,38.4622,84.9808,0.2973,0.2399,1,spike,Monthly_GB_Download
C00006,2025-12-12,42,46.52,39.6979,87.1116,0.3179,0.2067,1,spike,Monthly_GB_Download
C00006,2025-12-13,43,48.6975,42.036,88.0824,0.6115,0.1271,1,spike,Monthly_GB_Download
C00006,2025-12-14,44,50.7502,42.1385,89.8725,0.5533,0.2623,1,spike,Monthly_GB_Download
C00006,2025-12-15,45,51.2503,42.2816,89.3408,0.4317,0.0686,1,spike,Monthly_GB_Download
C00007,2025-12-01,31,29.421,47.0788,80.5681,0.7642,0.2935,0,normal,-
C00007,2025-12-02,32,27.4293,43.0895,80.6564,0.4864,0.154,0,normal,-
C00007,2025-12-03,33,26.9838,42.9552,79.2629,0.5771,0.1502,0,normal,-
C00007,2025-12-04,34,27.3781,43.2328,79.0851,0.4213,0.2473,0,normal,-
C00007,2025-12-05,35,28.0497,43.8996,80.9899,0.6297,0.1554,0,normal,-
C00007,2025-12-06,36,29.4446,45.8904,80.9622,0.7827,0.3687,0,normal,-
C00007,2025-12-07,37,29.356,47.6318,81.7787,0.7086,0.3185,0,normal,-
C00007,2025-12-08,38,28.487,46.2019,80.4197,0.5771,0.2587,0,normal,-
C00007,2025-12-09,39,27.3036,42.7888,78.3005,0.3779,0.2098,0,normal,-
C00007,2025-12-10,40,26.3423,42.5807,78.1107,0.5694,0.2432,0,normal,-
C00007,2025-12-11,41,45.9462,42.1527,86.6663,0.3504,0.0686,1,spike,Monthly_GB_Download
C00007,2025-12-12,42,48.6032,42.7915,89.2373,0.5828,0.3013,1,spike,Monthly_GB_Download
C00007,2025-12-13,43,51.0802,45.805,89.326,0.7333,0.3699,1,spike,Monthly_GB_Download
C00007,2025-12-14,44,53.0165,46.0142,91.5621,0.9609,0.0458,1,spike,Monthly_GB_Download
C00007,2025-12-15,45,53.8944,45.0111,89.6443,0.7903,0.1406,1,spike,Monthly_GB_Download
C00008,2025-12-01,31,31.6081,25.8534,83.9883,1.0355,0.1297,0,normal,-
C00008,2025-12-02,32,30.0641,23.905,82.6318,0.6877,0.3083,0,normal,-
C00008,2025-12-03,33,28.6016,23.31,79.4693,0.5223,0.1798,0,normal,-
C00008,2025-12-04,34,28.9276,23.0893,80.5516,0.837,0.3922,0,normal,-
C00008,2025-12-05,35,30.7105,24.8688,80.9044,0.7797,0.1426,0,normal,-
C00008,2025-12-06,36,31.3316,26.3714,83.5047,1.015,0.1306,0,normal,-
C00008,2025-12-07,37,32.0199,25.9686,83.1953,1.2224,0.3223,0,normal,-
C00008,2025-12-08,38,30.7591,25.3501,82.6816,0.8947,0.1563,0,normal,-
C00008,2025-12-09,39,29.1449,22.1805,81.8519,0.7417,0.1712,0,normal,-
C00008,2025-12-10,40,27.8267,21.8586,78.8054,0.6411,0.3968,0,normal,-
C00008,2025-12-11,41,48.0477,21.235,88.4677,0.8016,0.2029,1,spike,Monthly_GB_Download
C00008,2025-12-12,42,50.874,24.1341,92.159,1.0197,0.1717,1,spike,Monthly_GB_Download
C00008,2025-12-13,43,52.9426,25.6298,91.8544,1.0613,0.1598,1,spike,Monthly_GB_Download
C00008,2025-12-14,44,54.9007,24.9022,92.7164,1.2804,0.3137,1,spike,Monthly_GB_Download
C00008,2025-12-15,45,55.2428,24.5524,91.8275,0.9127,0.3044,1,spike,Monthly_GB_Download
C00009,2025-12-01,31,33.3476,29.4846,85.6214,1.2996,0.1487,0,normal,-
C00009,2025-12-02,32,31.911,26.3342,83.5808,1.1049,0.1748,0,normal,-
C00009,2025-12-03,33,30.8737,24.6316,81.0252,0.9029,0.1557,0,normal,-
C00009,2025-12-04,34,31.3813,26.1404,83.508,0.9271,0.0412,0,normal,-
C00009,2025-12-05,35,32.2731,28.7123,84.5601,1.0506,0.2033,0,normal,-
C00009,2025-12-06,36,33.5164,29.9998,86.3079,1.1876,0.0,0,normal,-
C00009,2025-12-07,37,33.3898,28.6894,85.6771,1.4777,0.0,0,normal,-
C00009,2025-12-08,38,32.9466,28.1097,83.4295,1.1837,0.2223,0,normal,-
C00009,2025-12-09,39,30.7935,26.1943,81.7376,1.2082,0.176,0,normal,-
C00009,2025-12-10,40,30.0271,25.0231,81.6007,0.911,0.0256,0,normal,-
C00009,2025-12-11,41,49.5608,25.4859,90.5454,0.9462,0.0,1,spike,Monthly_GB_Download
C00009,2025-12-12,42,52.9456,27.6691,93.8385,1.2354,0.0695,1,spike,Monthly_GB_Download
C00009,2025-12-13,43,55.2298,29.5978,95.321,1.4237,0.195,1,spike,Monthly_GB_Download
C00009,2025-12-14,44,56.8564,28.7735,93.4262,1.36,0.184,1,spike,Monthly_GB_Download
C00009,2025-12-15,45,57.6454,28.4665,92.8264,1.3602,0.202,1,spike,Monthly_GB_Download
C00010,2025-12-01,31,17.0749,32.6741,87.6747,1.642,0.1094,0,normal,-
C00010,2025-12-02,32,14.8672,29.6989,84.5498,1.495,0.1062,0,normal,-
C00010,2025-12-03,33,14.6801,28.7538,84.8773,1.1259,0.316,0,normal,-
C00010,2025-12-04,34,14.743,29.4719,85.7307,1.1373,0.123,0,normal,-
C00010,2025-12-05,35,15.9798,30.7993,86.4832,1.6337,0.1088,0,normal,-
C00010,2025-12-06,36,17.0352,31.7797,86.3987,1.8193,0.1417,0,normal,-
C00010,2025-12-07,37,16.8192,34.086,87.0125,1.7492,0.2012,0,normal,-
C00010,2025-12-08,38,15.5573,31.9857,86.808,1.6422,0.0,0,normal,-
C00010,2025-12-09,39,14.0815,30.0514,84.5026,1.4608,0.0808,0,normal,-
C00010,2025-12-10,40,13.036,27.1191,82.3808,1.2051,0.0644,0,normal,-
C00010,2025-12-11,41,32.7511,27.8457,92.9832,1.3177,0.1128,1,spike,Monthly_GB_Download
C00010,2025-12-12,42,35.3155,29.9123,93.3467,1.5053,0.0836,1,spike,Monthly_GB_Download
C00010,2025-12-13,43,38.3305,31.5008,95.5704,1.4925,0.2854,1,spike,Monthly_GB_Download
C00010,2025-12-14,44,40.5842,33.4096,96.4099,1.5655,0.1033,1,spike,Monthly_GB_Download
C00010,2025-12-15,45,40.5442,30.6604,95.1651,1.4082,0.1221,1,spike,Monthly_GB_Download
C00011,2025-12-01,31,19.0419,36.3358,88.2012,0.4867,0.0497,0,normal,-
C00011,2025-12-02,32,17.0185,33.0008,86.5316,0.1404,0.2627,0,normal,-
C00011,2025-12-03,33,16.433,32.3441,84.9476,0.0937,0.085,0,normal,-
C00011,2025-12-04,34,16.7632,33.2957,86.6093,0.358,0.2142,0,normal,-
C00011,2025-12-05,35,17.7657,33.7587,87.0108,0.3324,0.0388,0,normal,-
C00011,2025-12-06,36,18.7622,35.1356,87.8157,0.6355,0.3573,0,normal,-
C00011,2025-12-07,37,19.0539,36.5044,89.5205,0.5341,0.314,0,normal,-
C00011,2025-12-08,38,18.02,34.2066,86.4598,0.5394,0.1222,0,normal,-
C00011,2025-12-09,39,16.29,33.0685,84.9987,0.2392,0.2799,0,normal,-
C00011,2025-12-10,40,15.7294,31.7171,83.6346,0.0,0.2913,0,normal,-
C00011,2025-12-11,41,35.4728,31.6405,95.8298,0.013,0.2716,1,spike,Monthly_GB_Download
C00011,2025-12-12,42,37.8836,34.7112,95.1728,0.4688,0.283,1,spike,Monthly_GB_Download
C00011,2025-12-13,43,40.3517,36.4572,97.5438,0.4675,0.3059,1,spike,Monthly_GB_Download
C00011,2025-12-14,44,42.2647,36.8443,98.7802,0.4698,0.3037,1,spike,Monthly_GB_Download
C00011,2025-12-15,45,43.0483,34.1693,97.5745,0.4933,0.0781,1,spike,Monthly_GB_Download
C00012,2025-12-01,31,20.885,40.3336,72.1316,0.8817,0.1162,0,normal,-
C00012,2025-12-02,32,19.7727,37.392,68.6997,0.6004,0.337,0,normal,-
C00012,2025-12-03,33,18.9322,36.5188,66.6083,0.2598,0.1618,0,normal,-
C00012,2025-12-04,34,18.3271,35.3032,69.0126,0.4604,0.29,0,normal,-
C00012,2025-12-05,35,19.8759,37.764,70.0951,0.4797,0.2578,0,normal,-
C00012,2025-12-06,36,21.0935,39.125,70.3011,0.8061,0.1411,0,normal,-
C00012,2025-12-07,37,21.4262,39.9956,70.6974,0.8928,0.3621,0,normal,-
C00012,2025-12-08,38,20.2931,37.5702,70.3297,0.8082,0.3663,0,normal,-
C00012,2025-12-09,39,18.1948,35.4754,67.7443,0.5178,0.2831,0,normal,-
C00012,2025-12-10,40,17.4185,35.5394,67.3915,0.2785,0.3178,0,normal,-
C00012,2025-12-11,41,37.4632,34.5938,78.1949,0.4663,0.344,1,spike,Monthly_GB_Download
C00012,2025-12-12,42,40.1406,36.301,77.2415,0.7312,0.1641,1,spike,Monthly_GB_Download
C00012,2025-12-13,43,42.9815,39.3559,78.3668,0.9126,0.1652,1,spike,Monthly_GB_Download
C00012,2025-12-14,44,44.027,39.6247,80.223,0.6922,0.2293,1,spike,Monthly_GB_Download
C00012,2025-12-15,45,44.9433,37.8971,79.1717,0.6778,0.1593,1,spike,Monthly_GB_Download
C00013,2025-12-01,31,22.5361,43.0857,71.6522,0.9028,0.0,0,normal,-
C00013,2025-12-02,32,21.3498,41.4851,69.5735,0.8574,0.006,0,normal,-
C00013,2025-12-03,33,20.4388,39.1304,69.9035,0.5375,0.0179,0,normal,-
C00013,2025-12-04,34,20.5148,39.009,71.0796,0.7473,0.1408,0,normal,-
C00013,2025-12-05,35,22.247,41.9987,72.7003,1.0115,0.0457,0,normal,-
C00013,2025-12-06,36,23.1291,42.9808,73.7889,1.0829,0.0559,0,normal,-
C00013,2025-12-07,37,22.9608,42.917,72.0166,1.267,0.1925,0,normal,-
C00013,2025-12-08,38,21.8329,43.0061,71.6558,1.1015,0.2699,0,normal,-
C00013,2025-12-09,39,21.1193,38.9061,70.1669,0.7305,0.2057,0,normal,-
C00013,2025-12-10,40,20.0656,37.4307,69.9075,0.5945,0.2163,0,normal,-
C00013,2025-12-11,41,20.1495,23.214,58.6763,0.8623,0.0,1,drop,Monthly_Long_Distance_Charges
C00013,2025-12-12,42,21.1252,24.7074,59.6394,1.059,0.0,1,drop,Monthly_Long_Distance_Charges
C00013,2025-12-13,43,22.4142,25.5434,60.6627,1.1047,0.0,1,drop,Monthly_Long_Distance_Charges
C00013,2025-12-14,44,22.9588,24.5972,60.7866,1.0557,0.0917,1,drop,Monthly_Long_Distance_Charges
C00013,2025-12-15,45,21.3004,20.7097,58.997,1.015,0.0,1,drop,Monthly_Long_Distance_Charges
C00014,2025-12-01,31,25.3898,46.0272,75.437,1.2769,0.0,0,normal,-
C00014,2025-12-02,32,24.0105,44.513,72.6824,1.2387,0.2502,0,normal,-
C00014,2025-12-03,33,22.883,42.9886,70.4983,1.0681,0.0305,0,normal,-
C00014,2025-12-04,34,23.3772,44.1089,72.6663,0.8834,0.1182,0,normal,-
C00014,2025-12-05,35,24.5145,44.6079,74.5224,1.2358,0.2619,0,normal,-
C00014,2025-12-06,36,24.9711,47.3183,75.5931,1.2061,0.1058,0,normal,-
C00014,2025-12-07,37,25.2566,46.333,73.9767,1.3894,0.2757,0,normal,-
C00014,2025-12-08,38,24.588,45.5955,73.4366,1.2565,0.1151,0,normal,-
C00014,2025-12-09,39,22.4761,43.3792,72.2512,1.2528,0.2937,0,normal,-
C00014,2025-12-10,40,21.8465,40.9298,69.7187,0.9883,0.0904,0,normal,-
C00014,2025-12-11,41,21.9017,26.6761,59.4861,1.0572,0.0,1,drop,Monthly_Long_Distance_Charges
C00014,2025-12-12,42,22.9398,26.6502,61.1903,1.2597,0.0,1,drop,Monthly_Long_Distance_Charges
C00014,2025-12-13,43,24.6844,27.588,61.5498,1.4505,0.2923,1,drop,Monthly_Long_Distance_Charges
C00014,2025-12-14,44,24.9769,26.1021,63.4971,1.3336,0.0681,1,drop,Monthly_Long_Distance_Charges
C00014,2025-12-15,45,23.7617,25.1295,60.4594,1.4183,0.017,1,drop,Monthly_Long_Distance_Charges
C00015,2025-12-01,31,26.8332,25.0233,75.9141,1.5904,0.3373,0,normal,-
C00015,2025-12-02,32,25.7098,23.2376,75.0804,1.475,0.1907,0,normal,-
C00015,2025-12-03,33,24.9412,21.613,73.7382,1.0772,0.1157,0,normal,-
C00015,2025-12-04,34,25.2764,21.9411,74.3431,1.2942,0.2872,0,normal,-
C00015,2025-12-05,35,25.8042,24.6019,75.3038,1.4352,0.3579,0,normal,-
C00015,2025-12-06,36,27.184,24.9975,75.3918,1.5963,0.0249,0,normal,-
C00015,2025-12-07,37,27.289,27.0486,75.537,1.7481,0.2393,0,normal,-
C00015,2025-12-08,38,26.2041,25.3505,74.7376,1.4319,0.1542,0,normal,-
C00015,2025-12-09,39,24.9725,22.0532,74.2345,1.3019,0.1218,0,normal,-
C00015,2025-12-10,40,24.0952,21.6197,71.6636,1.3952,0.3684,0,normal,-
C00015,2025-12-11,41,23.9403,7.4164,60.9324,1.1858,0.3518,1,drop,Monthly_Long_Distance_Charges
C00015,2025-12-12,42,25.6183,6.8211,61.9257,1.5518,0.0659,1,drop,Monthly_Long_Distance_Charges
C00015,2025-12-13,43,26.6444,7.7561,63.1577,1.594,0.2477,1,drop,Monthly_Long_Distance_Charges
C00015,2025-12-14,44,26.3032,7.586,63.7246,1.697,0.037,1,drop,Monthly_Long_Distance_Charges
C00015,2025-12-15,45,26.3144,4.6543,63.8144,1.3926,0.2614,1,drop,Monthly_Long_Distance_Charges
C00016,2025-12-01,31,29.6649,28.782,76.7203,0.3457,0.2291,0,normal,-
C00016,2025-12-02,32,27.9021,27.305,76.2013,0.3111,0.3206,0,normal,-
C00016,2025-12-03,33,26.5759,26.2945,74.3824,0.0784,0.3605,0,normal,-
C00016,2025-12-04,34,27.5593,25.6125,75.4641,0.2508,0.086,0,normal,-
C00016,2025-12-05,35,27.9727,26.959,77.3372,0.4298,0.1074,0,normal,-
C00016,2025-12-06,36,29.4888,28.7271,79.238,0.4834,0.23,0,normal,-
C00016,2025-12-07,37,29.8022,30.1924,77.1051,0.5337,0.3943,0,normal,-
C00016,2025-12-08,38,28.8339,28.5201,77.7354,0.4276,0.3005,0,normal,-
C00016,2025-12-09,39,27.4032,25.382,75.1244,0.2655,0.087,0,normal,-
C00016,2025-12-10,40,26.3819,25.5531,73.8698,0.1385,0.3924,0,normal,-
C00016,2025-12-11,41,25.8913,10.1062,63.7719,0.0442,0.2056,1,drop,Monthly_Long_Distance_Charges
C00016,2025-12-12,42,27.4324,11.2756,64.4976,0.3085,0.4128,1,drop,Monthly_Long_Distance_Charges
C00016,2025-12-13,43,28.9081,11.536,65.2506,0.6889,0.4097,1,drop,Monthly_Long_Distance_Charges
C00016,2025-12-14,44,28.7771,9.351,65.9641,0.6365,0.3319,1,drop,Monthly_Long_Distance_Charges
C00016,2025-12-15,45,27.7882,8.1412,66.1944,0.5217,0.3974,1,drop,Monthly_Long_Distance_Charges
C00017,2025-12-01,31,31.4915,33.4501,80.4596,0.6008,0.0807,0,normal,-
C00017,2025-12-02,32,29.7965,29.5341,76.8285,0.6405,0.1153,0,normal,-
C00017,2025-12-03,33,29.0907,28.5248,76.2858,0.3752,0.1406,0,normal,-
C00017,2025-12-04,34,29.181,28.4073,77.6878,0.4705,0.1445,0,normal,-
C00017,2025-12-05,35,30.4815,31.7131,78.7697,0.7023,0.0,0,normal,-
C00017,2025-12-06,36,31.8743,31.948,80.6367,0.7305,0.0,0,normal,-
C00017,2025-12-07,37,31.8877,32.9784,79.7097,0.9023,0.0859,0,normal,-
C00017,2025-12-08,38,30.6603,30.9248,78.4682,0.8325,0.111,0,normal,-
C00017,2025-12-09,39,29.5068,28.8027,77.4241,0.6836,0.1983,0,normal,-
C00017,2025-12-10,40,28.2965,27.9286,76.9761,0.4348,0.1143,0,normal,-
C00017,2025-12-11,41,27.9428,12.2445,65.1971,0.4714,0.2514,1,drop,Monthly_Long_Distance_Charges
C00017,2025-12-12,42,29.2661,14.3799,67.416,0.5738,0.0644,1,drop,Monthly_Long_Distance_Charges
C00017,2025-12-13,43,30.7651,14.3863,66.7353,0.7015,0.2122,1,drop,Monthly_Long_Distance_Charges
C00017,2025-12-14,44,30.6444,12.8566,68.8474,0.9713,0.218,1,drop,Monthly_Long_Distance_Charges
C00017,2025-12-15,45,30.4583,12.1854,66.8759,0.7433,0.0217,1,drop,Monthly_Long_Distance_Charges
C00018,2025-12-01,31,33.7569,36.1045,82.3933,1.1208,0.0337,0,normal,-
C00018,2025-12-02,32,32.1917,33.3235,80.5042,0.7579,0.1287,0,normal,-
C00018,2025-12-03,33,31.2048,31.9296,78.4408,0.5546,0.0408,0,normal,-
C00018,2025-12-04,34,31.6649,32.8798,78.778,0.6118,0.0037,0,normal,-
C00018,2025-12-05,35,32.4533,34.8024,79.0393,1.0122,0.1462,0,normal,-
C00018,2025-12-06,36,33.2448,36.1755,80.5983,1.1193,0.2596,0,normal,-
C00018,2025-12-07,37,34.1062,37.1202,82.2212,1.1324,0.0996,0,normal,-
C00018,2025-12-08,38,32.3192,35.1904,79.816,1.1143,0.2463,0,normal,-
C00018,2025-12-09,39,31.0858,33.1817,79.4036,0.9087,0.2138,0,normal,-
C00018,2025-12-10,40,29.8281,30.8022,77.4536,0.5992,0.2707,0,normal,-
C00018,2025-12-11,41,30.1868,17.5623,66.4707,0.626,0.2182,1,drop,Monthly_Long_Distance_Charges
C00018,2025-12-12,42,31.8024,17.4053,67.016,0.7326,0.1991,1,drop,Monthly_Long_Distance_Charges
C00018,2025-12-13,43,32.9027,17.3537,69.0989,0.9577,0.1981,1,drop,Monthly_Long_Distance_Charges
C00018,2025-12-14,44,32.7978,17.7386,69.5944,1.0761,0.0664,1,drop,Monthly_Long_Distance_Charges
C00018,2025-12-15,45,32.3318,15.0589,68.5414,1.1076,0.1389,1,drop,Monthly_Long_Distance_Charges
C00019,2025-12-01,31,16.6618,39.0488,83.8901,1.1684,0.3618,0,normal,-
C00019,2025-12-02,32,15.4264,37.1537,82.2063,0.9188,0.0938,0,normal,-
C00019,2025-12-03,33,14.3961,35.5399,80.8773,0.889,0.212,0,normal,-
C00019,2025-12-04,34,14.3047,36.2071,81.1192,0.9697,0.1946,0,normal,-
C00019,2025-12-05,35,15.4145,38.3916,81.7725,1.3176,0.1179,0,normal,-
C00019,2025-12-06,36,16.5009,38.803,83.6459,1.2643,0.055,0,normal,-
C00019,2025-12-07,37,16.7419,39.3343,83.4136,1.3616,0.071,0,normal,-
C00019,2025-12-08,38,16.3434,37.7538,83.2293,1.169,0.1949,0,normal,-
C00019,2025-12-09,39,14.8387,37.1544,80.5753,1.1739,0.2949,0,normal,-
C00019,2025-12-10,40,13.2101,35.1444,79.5076,0.9389,0.2617,0,normal,-
C00019,2025-12-11,41,13.1859,20.8238,68.4608,1.0647,0.1774,1,drop,Monthly_Long_Distance_Charges
C00019,2025-12-12,42,14.5931,20.3278,70.0551,1.3455,0.1102,1,drop,Monthly_Long_Distance_Charges
C00019,2025-12-13,43,15.5016,20.3255,72.3132,1.5287,0.0896,1,drop,Monthly_Long_Distance_Charges
C00019,2025-12-14,44,16.2879,20.6857,70.6971,1.5054,0.1443,1,drop,Monthly_Long_Distance_Charges
C00019,2025-12-15,45,15.5251,17.8704,71.2467,1.4257,0.1534,1,drop,Monthly_Long_Distance_Charges
C00020,2025-12-01,31,18.3397,42.5965,85.9271,1.5731,0.4137,0,normal,-
C00020,2025-12-02,32,17.3235,41.0407,82.9504,1.3108,0.2902,0,normal,-
C00020,2025-12-03,33,16.0112,40.2863,82.4201,1.1667,0.2935,0,normal,-
C00020,2025-12-04,34,16.3701,40.5227,83.6208,1.1964,0.1095,0,normal,-
C00020,2025-12-05,35,17.8946,40.9639,82.9986,1.3894,0.1119,0,normal,-
C00020,2025-12-06,36,19.1493,41.9342,83.951,1.7441,0.2363,0,normal,-
C00020,2025-12-07,37,19.1356,43.0326,84.2539,1.5613,0.102,0,normal,-
C00020,2025-12-08,38,18.1369,42.8726,85.5649,1.6105,0.0909,0,normal,-
C00020,2025-12-09,39,16.6228,40.2287,83.1438,1.2398,0.1514,0,normal,-
C00020,2025-12-10,40,15.9236,39.0425,81.8364,1.3655,0.2236,0,normal,-
C00020,2025-12-11,41,15.4055,23.9497,69.9293,1.1665,0.3845,1,drop,Monthly_Long_Distance_Charges
C00020,2025-12-12,42,16.8287,23.8962,71.1113,1.5409,0.1364,1,drop,Monthly_Long_Distance_Charges
C00020,2025-12-13,43,17.7517,24.2236,73.7353,1.5611,0.361,1,drop,Monthly_Long_Distance_Charges
C00020,2025-12-14,44,18.6926,23.8776,72.2013,1.5603,0.1735,1,drop,Monthly_Long_Distance_Charges
C00020,2025-12-15,45,17.2562,21.0056,70.9864,1.6151,0.2027,1,drop,Monthly_Long_Distance_Charges
C00021,2025-12-01,31,20.6083,45.0938,87.6168,0.4069,0.076,0,normal,-
C00021,2025-12-02,32,19.5336,44.052,84.4984,0.1789,0.058,0,normal,-
C00021,2025-12-03,33,18.1922,41.8056,84.3616,0.0,0.0597,0,normal,-
C00021,2025-12-04,34,18.3679,43.0742,85.1693,0.0449,0.0,0,normal,-
C00021,2025-12-05,35,19.9284,44.7233,86.1563,0.2406,0.1356,0,normal,-
C00021,2025-12-06,36,21.2011,45.8563,85.834,0.6216,0.0332,0,normal,-
C00021,2025-12-07,37,21.5307,45.8126,87.6842,0.537,0.0419,0,normal,-
C00021,2025-12-08,38,19.9688,45.5313,84.6412,0.3752,0.2657,0,normal,-
C00021,2025-12-09,39,18.6973,44.2641,83.9659,0.127,0.0,0,normal,-
C00021,2025-12-10,40,17.8765,41.147,82.5643,0.2283,0.2185,0,normal,-
C00021,2025-12-11,41,17.433,25.9534,73.3835,0.3316,0.2241,1,drop,Monthly_Long_Distance_Charges
C00021,2025-12-12,42,19.23,26.3639,74.0287,0.2101,0.0775,1,drop,Monthly_Long_Distance_Charges
C00021,2025-12-13,43,19.7042,27.3186,74.991,0.4154,0.1031,1,drop,Monthly_Long_Distance_Charges
C00021,2025-12-14,44,20.2023,27.1203,75.8522,0.4354,0.1646,1,drop,Monthly_Long_Distance_Charges
C00021,2025-12-15,45,19.1358,24.8805,74.6423,0.2811,0.0,1,drop,Monthly_Long_Distance_Charges
C00022,2025-12-01,31,22.7716,25.4583,88.2211,0.8434,0.1315,0,normal,-
C00022,2025-12-02,32,21.4782,23.8904,85.8293,0.5407,0.0198,0,normal,-
C00022,2025-12-03,33,20.9201,22.2177,86.585,0.2763,0.2426,0,normal,-
C00022,2025-12-04,34,21.2353,23.1016,85.1814,0.4269,0.1278,0,normal,-
C00022,2025-12-05,35,21.686,24.5487,88.1254,0.5227,0.1291,0,normal,-
C00022,2025-12-06,36,22.8641,26.4363,89.9735,0.9087,0.2214,0,normal,-
C00022,2025-12-07,37,22.9102,25.4667,88.8617,0.7951,0.1533,0,normal,-
C00022,2025-12-08,38,22.1258,25.5651,87.8061,0.8874,0.1025,0,normal,-
C00022,2025-12-09,39,20.5852,23.3759,87.082,0.5581,0.2008,0,normal,-
C00022,2025-12-10,40,19.3752,22.2191,83.8185,0.4919,0.1169,0,normal,-
C00022,2025-12-11,41,19.7104,7.1244,73.776,0.5035,0.0111,1,drop,Monthly_Long_Distance_Charges
C00022,2025-12-12,42,20.7103,6.38,75.6293,0.5411,0.1305,1,drop,Monthly_Long_Distance_Charges
C00022,2025-12-13,43,22.5536,7.6544,75.3007,0.9398,0.0533,1,drop,Monthly_Long_Distance_Charges
C00022,2025-12-14,44,22.5995,6.7042,76.7568,0.6931,0.18,1,drop,Monthly_Long_Distance_Charges
C00022,2025-12-15,45,21.4395,4.4021,76.3197,0.7462,0.2588,1,drop,Monthly_Long_Distance_Charges
C00023,2025-12-01,31,25.2519,29.1318,69.3798,1.1611,0.2605,0,normal,-
C00023,2025-12-02,32,23.7328,26.1331,68.9838,0.6512,0.2022,0,normal,-
C00023,2025-12-03,33,22.8663,25.3114,68.1787,0.6279,0.3322,0,normal,-
C00023,2025-12-04,34,22.7801,25.3938,67.5772,0.6729,0.1744,0,normal,-
C00023,2025-12-05,35,23.7309,26.9785,68.8962,0.7355,0.238,0,normal,-
C00023,2025-12-06,36,25.2017,28.769,70.4143,1.0167,0.0695,0,normal,-
C00023,2025-12-07,37,25.5329,29.2387,70.2889,0.9701,0.2346,0,normal,-
C00023,2025-12-08,38,24.185,28.2008,68.7376,0.9949,0.2564,0,normal,-
C00023,2025-12-09,39,22.438,25.2041,67.7218,0.699,0.2286,0,normal,-
C00023,2025-12-10,40,21.8736,25.5472,67.2759,0.7374,0.1294,0,normal,-
C00023,2025-12-11,41,22.2675,10.4018,56.4049,0.7501,0.3608,1,drop,Monthly_Long_Distance_Charges
C00023,2025-12-12,42,23.3721,10.3582,56.2551,1.0226,0.3419,1,drop,Monthly_Long_Distance_Charges
C00023,2025-12-13,43,24.3052,10.861,59.2011,1.1577,0.1829,1,drop,Monthly_Long_Distance_Charges
C00023,2025-12-14,44,24.3781,9.55,60.0195,1.1666,0.3395,1,drop,Monthly_Long_Distance_Charges
C00023,2025-12-15,45,23.6721,8.1371,58.4469,1.1094,0.3288,1,drop,Monthly_Long_Distance_Charges
C00024,2025-12-01,31,27.0187,33.0954,72.4812,1.29,0.2342,0,normal,-
C00024,2025-12-02,32,25.9584,30.2678,72.1661,1.2019,0.1712,0,normal,-
C00024,2025-12-03,33,24.405,30.0543,70.4599,1.0572,0.2673,0,normal,-
C00024,2025-12-04,34,24.6466,29.4111,69.076,0.8566,0.4166,0,normal,-
C00024,2025-12-05,35,26.453,31.4235,70.7331,1.0397,0.247,0,normal,-
C00024,2025-12-06,36,27.6053,32.3258,71.6045,1.2832,0.3703,0,normal,-
C00024,2025-12-07,37,27.0117,32.2609,71.8923,1.4375,0.1229,0,normal,-
C00024,2025-12-08,38,26.3821,32.402,70.9049,1.3577,0.2397,0,normal,-
C00024,2025-12-09,39,25.1621,30.3822,69.2877,0.9449,0.1208,0,normal,-
C00024,2025-12-10,40,24.2807,27.4468,68.5063,1.1532,0.3396,0,normal,-
C00024,2025-12-11,41,23.846,13.2018,58.1117,0.9139,0.327,1,drop,Monthly_Long_Distance_Charges
C00024,2025-12-12,42,25.1025,14.1467,59.8014,1.0518,0.1287,1,drop,Monthly_Long_Distance_Charges
C00024,2025-12-13,43,26.3426,13.9217,61.1738,1.4529,0.2564,1,drop,Monthly_Long_Distance_Charges
C00024,2025-12-14,44,26.6114,14.01,60.7373,1.2767,0.3746,1,drop,Monthly_Long_Distance_Charges
C00024,2025-12-15,45,25.4299,12.0378,59.6411,1.3497,0.4066,1,drop,Monthly_Long_Distance_Charges
C00025,2025-12-01,31,29.5964,35.1103,74.5905,1.7184,0.0,0,normal,-
C00025,2025-12-02,32,27.5254,34.18,72.5959,1.525,0.0,0,normal,-
C00025,2025-12-03,33,27.1044,31.7112,70.6439,1.0935,0.0276,0,normal,-
C00025,2025-12-04,34,27.4056,32.7738,70.8805,1.3308,0.2062,0,normal,-
C00025,2025-12-05,35,27.9207,34.5437,73.9677,1.3694,0.2016,0,normal,-
C00025,2025-12-06,36,29.3226,36.8999,75.7835,1.7062,0.0335,0,normal,-
C00025,2025-12-07,37,29.9772,36.6826,73.5879,1.8056,0.1976,0,normal,-
C00025,2025-12-08,38,28.7679,35.3296,72.9128,1.4289,0.0,0,normal,-
C00025,2025-12-09,39,26.9163,33.4176,71.6772,1.3525,0.244,0,normal,-
C00025,2025-12-10,40,25.5767,30.7276,71.2903,1.296,0.1922,0,normal,-
C00025,2025-12-11,41,25.7459,31.9047,69.1443,,0.0,1,missing,Extra_Data_Charges
C00025,2025-12-12,42,27.4785,34.4849,71.6515,,0.1904,1,missing,Extra_Data_Charges
C00025,2025-12-13,43,28.7069,34.7123,73.6761,,0.0642,1,missing,Extra_Data_Charges
C00025,2025-12-14,44,29.2138,36.0008,72.3137,,0.095,1,missing,Extra_Data_Charges
C00025,2025-12-15,45,28.3745,34.7778,73.3756,,0.0,1,missing,Extra_Data_Charges
C00026,2025-12-01,31,31.0938,40.3414,75.4365,0.3063,0.1375,0,normal,-
C00026,2025-12-02,32,30.3432,37.4178,75.762,0.1501,0.2308,0,normal,-
C00026,2025-12-03,33,28.7761,35.5999,72.7102,0.2004,0.067,0,normal,-
C00026,2025-12-04,34,28.8483,35.9297,73.564,0.1876,0.0129,0,normal,-
C00026,2025-12-05,35,30.5638,38.3423,75.022,0.2752,0.1873,0,normal,-
C00026,2025-12-06,36,31.759,40.5943,77.098,0.6807,0.0,0,normal,-
C00026,2025-12-07,37,32.0017,39.8228,75.2278,0.7077,0.0709,0,normal,-
C00026,2025-12-08,38,31.0411,37.6654,74.546,0.5164,0.1437,0,normal,-
C00026,2025-12-09,39,29.4302,36.4313,73.6841,0.1801,0.3094,0,normal,-
C00026,2025-12-10,40,28.1274,34.1981,71.6884,0.1153,0.1956,0,normal,-
C00026,2025-12-11,41,28.0942,34.3719,73.3675,,0.3016,1,missing,Extra_Data_Charges
C00026,2025-12-12,42,29.5721,36.8394,73.2459,,0.0842,1,missing,Extra_Data_Charges
C00026,2025-12-13,43,30.7178,39.1918,76.0419,,0.0764,1,missing,Extra_Data_Charges
C00026,2025-12-14,44,30.5883,39.7942,74.4893,,0.1395,1,missing,Extra_Data_Charges
C00026,2025-12-15,45,30.4929,38.4914,73.1169,,0.1296,1,missing,Extra_Data_Charges
C00027,2025-12-01,31,33.3871,43.5893,77.5651,0.6498,0.2054,0,normal,-
C00027,2025-12-02,32,32.4407,40.6721,77.0226,0.4205,0.0531,0,normal,-
C00027,2025-12-03,33,31.3506,39.4201,76.2044,0.5332,0.2597,0,normal,-
C00027,2025-12-04,34,31.1623,40.0782,75.9299,0.3125,0.223,0,normal,-
C00027,2025-12-05,35,32.766,40.2784,76.7809,0.5843,0.1897,0,normal,-
C00027,2025-12-06,36,33.4453,43.9183,76.9202,0.6776,0.0974,0,normal,-
C00027,2025-12-07,37,33.4685,44.189,78.5209,0.9638,0.204,0,normal,-
C00027,2025-12-08,38,32.759,42.0372,77.6911,0.5865,0.1812,0,normal,-
C00027,2025-12-09,39,30.8114,40.4872,76.3132,0.5272,0.1291,0,normal,-
C00027,2025-12-10,40,30.0664,39.1052,75.0089,0.4507,0.2873,0,normal,-
C00027,2025-12-11,41,30.2397,39.1952,72.807,,0.0978,1,missing,Extra_Data_Charges
C00027,2025-12-12,42,31.863,39.6469,74.7205,,0.0656,1,missing,Extra_Data_Charges
C00027,2025-12-13,43,32.3545,42.5785,77.6799,,0.2911,1,missing,Extra_Data_Charges
C00027,2025-12-14,44,33.2512,41.5512,76.1103,,0.1997,1,missing,Extra_Data_Charges
C00027,2025-12-15,45,31.7726,40.4596,75.4928,,0.2537,1,missing,Extra_Data_Charges
C00028,2025-12-01,31,17.0833,46.3399,79.3561,1.1775,0.1822,0,normal,-
C00028,2025-12-02,32,14.8233,43.0408,79.0199,0.7601,0.3297,0,normal,-
C00028,2025-12-03,33,13.8974,43.5849,76.5171,0.5506,0.1908,0,normal,-
C00028,2025-12-04,34,14.4129,42.743,77.654,0.6471,0.2968,0,normal,-
C00028,2025-12-05,35,15.7583,45.6529,77.3134,0.8398,0.1882,0,normal,-
C00028,2025-12-06,36,16.3568,46.032,79.7239,1.2128,0.2688,0,normal,-
C00028,2025-12-07,37,17.3102,46.2021,80.552,1.1562,0.415,0,normal,-
C00028,2025-12-08,38,15.8201,45.0834,78.9765,1.1165,0.105,0,normal,-
C00028,2025-12-09,39,14.5503,42.8249,76.9355,0.9099,0.1888,0,normal,-
C00028,2025-12-10,40,13.4935,41.507,75.5384,0.6944,0.3666,0,normal,-
C00028,2025-12-11,41,13.8403,42.8822,76.0268,,0.0866,1,missing,Extra_Data_Charges
C00028,2025-12-12,42,15.1885,43.6181,76.5186,,0.1022,1,missing,Extra_Data_Charges
C00028,2025-12-13,43,16.2435,44.6671,78.2277,,0.3504,1,missing,Extra_Data_Charges
C00028,2025-12-14,44,16.1973,45.3191,79.8362,,0.1756,1,missing,Extra_Data_Charges
C00028,2025-12-15,45,15.6429,44.5503,78.0962,,0.2108,1,missing,Extra_Data_Charges
C00029,2025-12-01,31,19.0416,26.2058,81.4375,1.1153,0.0,0,normal,-
C00029,2025-12-02,32,17.4754,23.9279,80.6914,0.9635,0.0602,0,normal,-
C00029,2025-12-03,33,16.5387,21.9142,77.5918,0.8523,0.1007,0,normal,-
C00029,2025-12-04,34,17.064,23.3975,79.7394,1.1429,0.16,0,normal,-
C00029,2025-12-05,35,18.0384,23.9527,80.2694,1.2747,0.0112,0,normal,-
C00029,2025-12-06,36,19.0578,26.7334,82.4721,1.2535,0.0651,0,normal,-
C00029,2025-12-07,37,18.7627,27.1436,83.0487,1.5428,0.0,0,normal,-
C00029,2025-12-08,38,18.4334,25.8556,80.9853,1.331,0.2374,0,normal,-
C00029,2025-12-09,39,16.9194,22.1219,79.2912,0.9753,0.0604,0,normal,-
C00029,2025-12-10,40,15.4261,20.88,76.367,0.928,0.2515,0,normal,-
C00029,2025-12-11,41,15.3375,22.2143,77.5449,,0.0788,1,missing,Extra_Data_Charges
C00029,2025-12-12,42,16.9981,22.5944,79.6841,,0.2217,1,missing,Extra_Data_Charges
C00029,2025-12-13,43,18.2876,24.6922,80.4683,,0.2197,1,missing,Extra_Data_Charges
C00029,2025-12-14,44,18.4096,26.6471,80.2007,,0.0664,1,missing,Extra_Data_Charges
C00029,2025-12-15,45,17.3869,23.519,79.1969,,0.1362,1,missing,Extra_Data_Charges
C00030,2025-12-01,31,20.9163,28.9134,84.0865,1.6774,0.1849,0,normal,-
C00030,2025-12-02,32,19.3887,26.8788,80.3897,1.3176,0.1322,0,normal,-
C00030,2025-12-03,33,18.275,26.1337,79.5958,1.2538,0.1903,0,normal,-
C00030,2025-12-04,34,18.7635,25.6097,80.6272,1.4446,0.1372,0,normal,-
C00030,2025-12-05,35,19.5587,26.9311,83.2581,1.593,0.1531,0,normal,-
C00030,2025-12-06,36,20.805,28.4195,82.2477,1.4782,0.0077,0,normal,-
C00030,2025-12-07,37,21.0814,28.8234,84.0537,1.7091,0.0587,0,normal,-
C00030,2025-12-08,38,19.9095,27.4047,82.383,1.4265,0.2016,0,normal,-
C00030,2025-12-09,39,18.3043,25.4866,80.228,1.2245,0.2769,0,normal,-
C00030,2025-12-10,40,17.408,24.9995,79.1916,1.3168,0.1883,0,normal,-
C00030,2025-12-11,41,17.5704,26.1602,80.5662,,0.0348,1,missing,Extra_Data_Charges
C00030,2025-12-12,42,19.1642,27.0626,81.9266,,0.157,1,missing,Extra_Data_Charges
C00030,2025-12-13,43,19.689,27.7154,81.3654,,0.2121,1,missing,Extra_Data_Charges
C00030,2025-12-14,44,20.7515,29.9824,82.8937,,0.1865,1,missing,Extra_Data_Charges
C00030,2025-12-15,45,19.9957,27.3915,82.071,,0.1082,1,missing,Extra_Data_Charges
C00031,2025-12-01,31,23.108,31.7162,85.8782,0.4173,0.0999,0,normal,-
C00031,2025-12-02,32,21.8196,30.251,83.2226,0.2397,0.3183,0,normal,-
C00031,2025-12-03,33,20.8884,28.8199,81.0449,0.0079,0.0235,0,normal,-
C00031,2025-12-04,34,21.1169,30.4462,81.4399,0.1113,0.3637,0,normal,-
C00031,2025-12-05,35,21.6729,30.1852,84.6557,0.4077,0.2445,0,normal,-
C00031,2025-12-06,36,23.4513,31.8417,85.6019,0.5988,0.2511,0,normal,-
C00031,2025-12-07,37,23.2668,32.6661,85.129,0.6296,0.2138,0,normal,-
C00031,2025-12-08,38,22.054,32.2587,85.3192,0.2683,0.1179,0,normal,-
C00031,2025-12-09,39,20.7177,30.5107,82.8885,0.2352,0.0918,0,normal,-
C00031,2025-12-10,40,19.7301,28.842,81.5433,0.2066,0.3307,0,normal,-
C00031,2025-12-11,41,20.1353,28.3233,80.4789,,0.0329,1,missing,Extra_Data_Charges
C00031,2025-12-12,42,20.8929,30.7289,83.3582,,0.3672,1,missing,Extra_Data_Charges
C00031,2025-12-13,43,22.0393,31.0629,84.2296,,0.285,1,missing,Extra_Data_Charges
C00031,2025-12-14,44,22.2136,31.319,85.2389,,0.1045,1,missing,Extra_Data_Charges
C00031,2025-12-15,45,21.916,31.5963,84.7479,,0.041,1,missing,Extra_Data_Charges
C00032,2025-12-01,31,24.8395,34.9798,86.4274,0.6921,0.1292,0,normal,-
C00032,2025-12-02,32,23.751,33.4572,83.9526,0.3756,0.2065,0,normal,-
C00032,2025-12-03,33,22.5613,32.3322,83.6694,0.3707,0.3597,0,normal,-
C00032,2025-12-04,34,22.6002,32.2158,85.1085,0.489,0.2425,0,normal,-
C00032,2025-12-05,35,24.3022,34.2971,84.6522,0.4718,0.2327,0,normal,-
C00032,2025-12-06,36,25.1054,36.1797,86.7744,0.7061,0.3802,0,normal,-
C00032,2025-12-07,37,25.1412,37.5351,87.6936,0.7532,0.2641,0,normal,-
C00032,2025-12-08,38,24.5868,34.6949,85.7123,0.5757,0.2925,0,normal,-
C00032,2025-12-09,39,22.5258,34.0152,83.773,0.7093,0.3437,0,normal,-
C00032,2025-12-10,40,21.8239,31.4399,84.0698,0.3981,0.0704,0,normal,-
C00032,2025-12-11,41,21.95,32.658,82.5364,,0.0702,1,missing,Extra_Data_Charges
C00032,2025-12-12,42,23.532,33.5945,84.7601,,0.2031,1,missing,Extra_Data_Charges
C00032,2025-12-13,43,24.2,35.6496,86.123,,0.0859,1,missing,Extra_Data_Charges
C00032,2025-12-14,44,24.8348,35.8964,85.6502,,0.113,1,missing,Extra_Data_Charges
C00032,2025-12-15,45,23.4449,34.6222,84.5669,,0.2837,1,missing,Extra_Data_Charges
C00033,2025-12-01,31,26.7958,39.837,88.0211,1.0413,0.1509,0,normal,-
C00033,2025-12-02,32,25.3075,36.9862,87.903,0.9513,0.1367,0,normal,-
C00033,2025-12-03,33,24.6789,36.8867,86.7538,0.679,0.0349,0,normal,-
C00033,2025-12-04,34,24.7645,35.3961,86.4691,0.5823,0.1963,0,normal,-
C00033,2025-12-05,35,25.8993,38.1111,87.9146,0.8223,0.0674,0,normal,-
C00033,2025-12-06,36,27.4912,39.4927,88.1142,1.1889,0.0,0,normal,-
C00033,2025-12-07,37,27.2795,39.7744,90.2906,1.2161,0.0289,0,normal,-
C00033,2025-12-08,38,26.7768,39.1309,86.7861,0.9366,0.04,0,normal,-
C00033,2025-12-09,39,24.7746,35.3035,86.1697,0.8787,0.0,0,normal,-
C00033,2025-12-10,40,23.8965,35.7451,85.722,0.6675,0.0,0,normal,-
C00033,2025-12-11,41,23.8122,36.2321,85.7252,,0.1538,1,missing,Extra_Data_Charges
C00033,2025-12-12,42,25.4172,38.0939,86.5654,,0.1224,1,missing,Extra_Data_Charges
C00033,2025-12-13,43,26.8505,39.0142,87.4569,,0.079,1,missing,Extra_Data_Charges
C00033,2025-12-14,44,26.9798,38.1505,87.2227,,0.0,1,missing,Extra_Data_Charges
C00033,2025-12-15,45,25.6265,38.1706,86.2536,,0.2534,1,missing,Extra_Data_Charges
C00034,2025-12-01,31,29.4914,43.1722,70.6603,1.3905,0.0796,0,normal,-
C00034,2025-12-02,32,27.567,41.2358,69.6308,0.99,0.1275,0,normal,-
C00034,2025-12-03,33,26.9758,39.0483,68.1786,0.8417,0.3002,0,normal,-
C00034,2025-12-04,34,26.7,40.3531,69.1386,0.9603,0.1167,0,normal,-
C00034,2025-12-05,35,28.4422,41.1374,70.3102,1.2035,0.0841,0,normal,-
C00034,2025-12-06,36,28.96,43.6423,72.0154,1.2373,0.3034,0,normal,-
C00034,2025-12-07,37,29.3962,43.6012,71.2918,1.4433,0.2734,0,normal,-
C00034,2025-12-08,38,28.9623,41.274,69.4672,1.2979,0.0359,0,normal,-
C00034,2025-12-09,39,26.6404,39.9387,67.792,1.2367,0.0026,0,normal,-
C00034,2025-12-10,40,25.634,38.5241,65.4074,1.0436,0.141,0,normal,-
C00034,2025-12-11,41,25.8999,37.7863,68.2229,,0.0516,1,missing,Extra_Data_Charges
C00034,2025-12-12,42,27.4855,39.4876,67.047,,0.0301,1,missing,Extra_Data_Charges
C00034,2025-12-13,43,28.8575,41.9626,68.7243,,0.1578,1,missing,Extra_Data_Charges
C00034,2025-12-14,44,28.8,41.6089,71.2827,,0.0155,1,missing,Extra_Data_Charges
C00034,2025-12-15,45,27.7043,41.1488,69.5715,,0.1813,1,missing,Extra_Data_Charges
C00035,2025-12-01,31,31.5362,46.474,73.891,1.6352,0.1362,0,normal,-
C00035,2025-12-02,32,30.0698,44.8863,70.3668,1.5011,0.1887,0,normal,-
C00035,2025-12-03,33,28.8748,42.9628,69.9997,1.2132,0.2442,0,normal,-
C00035,2025-12-04,34,29.0005,43.2626,71.37,1.2017,0.2357,0,normal,-
C00035,2025-12-05,35,30.7321,44.3295,71.9962,1.5626,0.2369,0,normal,-
C00035,2025-12-06,36,31.093,46.1385,72.0639,1.5166,0.0915,0,normal,-
C00035,2025-12-07,37,31.2331,47.647,73.078,1.845,0.2787,0,normal,-
C00035,2025-12-08,38,30.476,44.8366,71.9755,1.6592,0.2023,0,normal,-
C00035,2025-12-09,39,29.5225,43.5115,69.1354,1.2031,0.3164,0,normal,-
C00035,2025-12-10,40,27.9383,41.2406,68.6277,1.4019,0.2528,0,normal,-
C00035,2025-12-11,41,28.0554,42.5456,69.3411,,0.1535,1,missing,Extra_Data_Charges
C00035,2025-12-12,42,29.2814,43.7069,68.703,,0.0445,1,missing,Extra_Data_Charges
C00035,2025-12-13,43,30.357,45.8543,70.4809,,0.0521,1,missing,Extra_Data_Charges
C00035,2025-12-14,44,31.0029,46.6863,73.0175,,0.0474,1,missing,Extra_Data_Charges
C00035,2025-12-15,45,30.2717,44.2832,71.4051,,0.0818,1,missing,Extra_Data_Charges
C00036,2025-12-01,31,33.6948,26.6333,74.2934,0.3868,0.2203,0,normal,-
C00036,2025-12-02,32,31.9317,24.4999,74.075,0.3686,0.3993,0,normal,-
C00036,2025-12-03,33,31.2718,22.0565,70.3218,0.0837,0.1856,0,normal,-
C00036,2025-12-04,34,30.9814,22.5754,72.3578,0.2591,0.3808,0,normal,-
C00036,2025-12-05,35,32.15,24.5742,74.1632,0.2706,0.3147,0,normal,-
C00036,2025-12-06,36,33.8726,25.7251,74.7648,0.5792,0.2363,0,normal,-
C00036,2025-12-07,37,33.6708,25.629,75.9647,0.7292,0.3544,0,normal,-
C00036,2025-12-08,38,32.2951,24.6172,72.1015,0.5562,0.1839,0,normal,-
C00036,2025-12-09,39,31.1425,23.0206,71.2482,0.2951,0.0985,0,normal,-
C00036,2025-12-10,40,30.1252,22.3569,71.524,0.3108,0.37,0,normal,-
C00036,2025-12-11,41,30.7465,22.2488,69.9493,,0.1201,1,missing,Extra_Data_Charges
C00036,2025-12-12,42,31.5599,23.5919,72.8851,,0.1148,1,missing,Extra_Data_Charges
C00036,2025-12-13,43,33.0009,24.7217,73.7692,,0.3762,1,missing,Extra_Data_Charges
C00036,2025-12-14,44,32.7208,25.4395,72.5323,,0.1543,1,missing,Extra_Data_Charges
C00036,2025-12-15,45,31.9097,24.8551,73.0317,,0.2222,1,missing,Extra_Data_Charges
C00037,2025-12-01,31,16.988,29.4133,75.5389,0.7806,0.0486,0,normal,-
C00037,2025-12-02,32,14.906,26.1234,74.4463,0.5953,0.0984,0,normal,-
C00037,2025-12-03,33,13.894,25.8845,73.5649,0.3341,0.1809,0,normal,-
C00037,2025-12-04,34,14.8062,25.3686,73.5583,0.5101,0.0718,0,normal,-
C00037,2025-12-05,35,15.7393,26.8688,73.7078,0.7772,0.1983,0,normal,-
C00037,2025-12-06,36,16.5054,30.1028,74.8887,0.8222,0.1077,0,normal,-
C00037,2025-12-07,37,17.2299,29.6903,76.4563,0.875,0.1698,0,normal,-
C00037,2025-12-08,38,16.1912,27.4978,75.8818,0.8931,0.2342,0,normal,-
C00037,2025-12-09,39,14.1053,26.4038,72.4315,0.5542,0.2002,0,normal,-
C00037,2025-12-10,40,13.0509,23.9911,71.2951,0.2936,0.1169,0,normal,-
C00037,2025-12-11,41,13.8982,24.1104,65.6703,0.4602,7.3472,1,refund_surge,Refunds
C00037,2025-12-12,42,14.7819,26.6644,66.9327,0.45,8.1252,1,refund_surge,Refunds
C00037,2025-12-13,43,16.3353,28.6015,67.8764,0.8593,8.9757,1,refund_surge,Refunds
C00037,2025-12-14,44,16.2889,29.3869,67.4719,1.0195,9.7432,1,refund_surge,Refunds
C00037,2025-12-15,45,15.4036,27.0596,65.2616,0.8406,10.503,1,refund_surge,Refunds
C00038,2025-12-01,31,18.9993,31.6419,77.406,0.9311,0.0446,0,normal,-
C00038,2025-12-02,32,17.5622,30.593,75.4854,0.7443,0.2966,0,normal,-
C00038,2025-12-03,33,16.5519,29.8406,73.8608,0.6822,0.1862,0,normal,-
C00038,2025-12-04,34,16.6307,29.1528,75.726,0.6763,0.0939,0,normal,-
C00038,2025-12-05,35,17.3296,32.0084,75.8512,0.8576,0.0055,0,normal,-
C00038,2025-12-06,36,18.8819,31.901,78.0735,0.9573,0.0133,0,normal,-
C00038,2025-12-07,37,19.0376,32.3579,78.6419,1.0259,0.1084,0,normal,-
C00038,2025-12-08,38,17.8495,31.5671,76.0835,1.1176,0.008,0,normal,-
C00038,2025-12-09,39,16.4374,30.3323,74.1808,0.7619,0.1219,0,normal,-
C00038,2025-12-10,40,15.3634,29.0228,73.0733,0.5838,0.0,0,normal,-
C00038,2025-12-11,41,15.5869,29.07,67.2493,0.6157,7.3396,1,refund_surge,Refunds
C00038,2025-12-12,42,16.8233,30.5972,66.8303,0.8816,8.2625,1,refund_surge,Refunds
C00038,2025-12-13,43,18.3036,32.4302,68.3943,1.1772,9.1786,1,refund_surge,Refunds
C00038,2025-12-14,44,18.3212,33.2895,70.169,1.0845,9.7084,1,refund_surge,Refunds
C00038,2025-12-15,45,17.1163,30.0445,67.2199,1.0055,10.7386,1,refund_surge,Refunds
C00039,2025-12-01,31,20.6337,36.5941,79.8652,1.106,0.1416,0,normal,-
C00039,2025-12-02,32,19.5426,33.5536,76.9096,1.1685,0.2122,0,normal,-
C00039,2025-12-03,33,18.7231,32.3223,77.2737,0.9124,0.04,0,normal,-
C00039,2025-12-04,34,19.0256,33.5828,76.4165,1.1855,0.0819,0,normal,-
C00039,2025-12-05,35,20.2994,34.6323,79.8705,1.2901,0.2932,0,normal,-
C00039,2025-12-06,36,20.6348,36.7552,79.5029,1.4174,0.3245,0,normal,-
C00039,2025-12-07,37,21.2698,36.6274,80.8905,1.3039,0.1141,0,normal,-
C00039,2025-12-08,38,20.2036,35.8018,79.4815,1.1615,0.1011,0,normal,-
C00039,2025-12-09,39,18.7963,32.6968,78.0538,0.9483,0.0835,0,normal,-
C00039,2025-12-10,40,17.3066,32.4048,74.8464,0.9721,0.2753,0,normal,-
C00039,2025-12-11,41,17.9147,30.8797,66.9826,0.902,7.458,1,refund_surge,Refunds
C00039,2025-12-12,42,19.0389,32.6865,68.0878,1.0983,8.4382,1,refund_surge,Refunds
C00039,2025-12-13,43,20.5571,34.4792,70.7596,1.4436,9.2028,1,refund_surge,Refunds
C00039,2025-12-14,44,20.5125,35.489,69.6664,1.522,9.9872,1,refund_surge,Refunds
C00039,2025-12-15,45,19.6992,33.4942,69.2797,1.1355,10.5699,1,refund_surge,Refunds
C00040,2025-12-01,31,22.6498,40.1212,80.2583,1.6559,0.2462,0,normal,-
C00040,2025-12-02,32,21.1078,37.9734,80.3803,1.5099,0.264,0,normal,-
C00040,2025-12-03,33,20.9198,36.8461,78.7668,1.3309,0.2183,0,normal,-
C00040,2025-12-04,34,20.5324,37.311,79.0628,1.4701,0.1138,0,normal,-
C00040,2025-12-05,35,21.7157,38.2119,79.5429,1.3561,0.3311,0,normal,-
C00040,2025-12-06,36,23.1424,40.3663,82.5198,1.6306,0.1796,0,normal,-
C00040,2025-12-07,37,23.3767,40.6355,80.8649,1.7937,0.2963,0,normal,-
C00040,2025-12-08,38,21.9554,37.6632,79.3913,1.6026,0.3663,0,normal,-
C00040,2025-12-09,39,20.2679,35.9066,78.8441,1.2181,0.279,0,normal,-
C00040,2025-12-10,40,19.921,34.5877,77.6624,1.3053,0.0813,0,normal,-
C00040,2025-12-11,41,19.6741,36.3821,69.9079,1.3209,7.6466,1,refund_surge,Refunds
C00040,2025-12-12,42,20.633,36.6258,72.3279,1.2931,8.2948,1,refund_surge,Refunds
C00040,2025-12-13,43,22.0379,38.5346,71.6303,1.7327,9.224,1,refund_surge,Refunds
C00040,2025-12-14,44,22.946,39.6035,71.6811,1.6511,10.0295,1,refund_surge,Refunds
C00040,2025-12-15,45,21.3101,38.5744,70.8049,1.5968,10.7037,1,refund_surge,Refunds
C00041,2025-12-01,31,25.1644,42.2948,84.7302,0.6035,0.18,0,normal,-
C00041,2025-12-02,32,23.861,40.2379,80.6979,0.2397,0.0,0,normal,-
C00041,2025-12-03,33,23.0511,38.4739,81.8775,0.1018,0.1022,0,normal,-
C00041,2025-12-04,34,22.4946,39.5614,81.7336,0.0433,0.0773,0,normal,-
C00041,2025-12-05,35,24.4975,40.4644,81.3421,0.5225,0.0671,0,normal,-
C00041,2025-12-06,36,25.2305,42.2799,83.0906,0.4673,0.2533,0,normal,-
C00041,2025-12-07,37,25.7735,43.4845,82.2436,0.6774,0.0,0,normal,-
C00041,2025-12-08,38,24.6871,41.9294,83.4031,0.5172,0.1471,0,normal,-
C00041,2025-12-09,39,22.7531,39.5886,80.1139,0.2698,0.1031,0,normal,-
C00041,2025-12-10,40,22.0287,37.5571,78.4099,0.1097,0.0,0,normal,-
C00041,2025-12-11,41,22.0673,38.8275,71.1949,0.3022,7.461,1,refund_surge,Refunds
C00041,2025-12-12,42,23.0856,39.9568,73.2231,0.503,8.3199,1,refund_surge,Refunds
C00041,2025-12-13,43,24.7796,42.8318,73.1753,0.5759,9.0357,1,refund_surge,Refunds
C00041,2025-12-14,44,24.5397,42.5497,75.3132,0.7183,9.7,1,refund_surge,Refunds
C00041,2025-12-15,45,23.7189,41.4766,72.2758,0.3698,10.5672,1,refund_surge,Refunds
C00042,2025-12-01,31,27.3994,45.6681,85.9918,0.8888,0.1407,0,normal,-
C00042,2025-12-02,32,26.0925,43.8738,84.1683,0.6483,0.188,0,normal,-
C00042,2025-12-03,33,24.9198,42.5685,82.5496,0.3701,0.1914,0,normal,-
C00042,2025-12-04,34,24.6491,42.3381,81.2971,0.4621,0.1754,0,normal,-
C00042,2025-12-05,35,25.9891,45.4687,84.3363,0.7975,0.0933,0,normal,-
C00042,2025-12-06,36,26.866,45.7103,84.7369,0.9067,0.0952,0,normal,-
C00042,2025-12-07,37,27.0643,47.0608,85.0448,0.9451,0.0128,0,normal,-
C00042,2025-12-08,38,26.2669,44.2487,83.6942,0.713,0.2483,0,normal,-
C00042,2025-12-09,39,25.2515,43.3214,82.0074,0.5712,0.1545,0,normal,-
C00042,2025-12-10,40,23.5327,41.3194,81.4198,0.5535,0.271,0,normal,-
C00042,2025-12-11,41,23.6992,42.9973,73.1074,0.5502,7.3812,1,refund_surge,Refunds
C00042,2025-12-12,42,25.08,43.1674,75.5337,0.6295,8.4166,1,refund_surge,Refunds
C00042,2025-12-13,43,26.3629,44.7317,75.1638,0.7397,9.004,1,refund_surge,Refunds
C00042,2025-12-14,44,26.7883,45.4847,76.8107,0.9727,10.0158,1,refund_surge,Refunds
C00042,2025-12-15,45,26.2397,44.2235,76.341,0.6905,10.7835,1,refund_surge,Refunds
C00043,2025-12-01,31,29.3462,26.1972,85.8322,1.0066,0.2652,0,normal,-
C00043,2025-12-02,32,27.8271,23.2133,86.4152,0.7204,0.1303,0,normal,-
C00043,2025-12-03,33,26.5357,21.6361,85.2812,0.5666,0.0245,0,normal,-
C00043,2025-12-04,34,27.1184,22.3051,83.4996,0.653,0.0469,0,normal,-
C00043,2025-12-05,35,28.4363,25.1268,85.9932,1.079,0.2241,0,normal,-
C00043,2025-12-06,36,29.3785,25.459,85.9397,1.1968,0.2185,0,normal,-
C00043,2025-12-07,37,29.9903,27.0533,87.2741,1.0047,0.0713,0,normal,-
C00043,2025-12-08,38,28.1647,24.4949,86.6347,0.9884,0.2772,0,normal,-
C00043,2025-12-09,39,27.4335,22.2519,84.0899,0.7657,0.0247,0,normal,-
C00043,2025-12-10,40,25.8575,21.87,84.0135,0.7943,0.3199,0,normal,-
C00043,2025-12-11,41,26.5438,21.944,74.0422,0.8049,7.5749,1,refund_surge,Refunds
C00043,2025-12-12,42,26.9105,24.4867,77.4836,0.9674,8.1696,1,refund_surge,Refunds
C00043,2025-12-13,43,28.5318,24.5963,78.5594,1.2524,9.0458,1,refund_surge,Refunds
C00043,2025-12-14,44,29.0395,24.8841,79.4819,1.1744,10.0579,1,refund_surge,Refunds
C00043,2025-12-15,45,28.3086,24.6913,78.3022,0.9872,10.8554,1,refund_surge,Refunds
C00044,2025-12-01,31,31.5227,29.8731,89.0964,1.2611,0.2927,0,normal,-
C00044,2025-12-02,32,29.6643,27.7424,87.5174,0.976,0.3296,0,normal,-
C00044,2025-12-03,33,29.0652,25.6715,85.3737,1.0358,0.4057,0,normal,-
C00044,2025-12-04,34,29.235,26.4391,85.8979,1.0892,0.1076,0,normal,-
C00044,2025-12-05,35,30.3002,27.5846,86.2083,1.1745,0.2675,0,normal,-
C00044,2025-12-06,36,31.049,28.9806,89.2397,1.5036,0.287,0,normal,-
C00044,2025-12-07,37,31.2373,30.611,90.2992,1.3929,0.3231,0,normal,-
C00044,2025-12-08,38,30.4294,29.3846,87.3751,1.4136,0.2461,0,normal,-
C00044,2025-12-09,39,28.9566,26.6394,85.6215,0.9371,0.2996,0,normal,-
C00044,2025-12-10,40,27.9568,25.2899,84.2677,1.053,0.3453,0,normal,-
C00044,2025-12-11,41,28.0824,25.7111,76.3747,0.9798,7.6907,1,refund_surge,Refunds
C00044,2025-12-12,42,29.5725,26.562,78.207,1.2472,8.3716,1,refund_surge,Refunds
C00044,2025-12-13,43,31.0184,29.1646,79.7558,1.2286,9.0834,1,refund_surge,Refunds
C00044,2025-12-14,44,31.3292,28.6234,80.3373,1.3698,9.7857,1,refund_surge,Refunds
C00044,2025-12-15,45,30.386,26.9481,77.8547,1.1437,10.897,1,refund_surge,Refunds
C00045,2025-12-01,31,33.9014,31.4154,71.3839,1.678,0.0,0,normal,-
C00045,2025-12-02,32,31.712,29.7389,67.7989,1.3204,0.1493,0,normal,-
C00045,2025-12-03,33,30.8931,28.6673,68.2587,1.2478,0.0,0,normal,-
C00045,2025-12-04,34,30.9604,28.9206,68.3248,1.2962,0.1773,0,normal,-
C00045,2025-12-05,35,32.3463,32.0632,68.7468,1.5467,0.2495,0,normal,-
C00045,2025-12-06,36,33.8412,32.3584,71.2636,1.6517,0.0136,0,normal,-
C00045,2025-12-07,37,33.927,33.1231,69.7545,1.8286,0.1669,0,normal,-
C00045,2025-12-08,38,32.8398,31.2403,68.9434,1.4348,0.2616,0,normal,-
C00045,2025-12-09,39,30.9502,30.118,67.1179,1.3286,0.2057,0,normal,-
C00045,2025-12-10,40,29.8679,29.2591,67.273,1.3095,0.0788,0,normal,-
C00045,2025-12-11,41,30.0347,28.531,57.621,1.2181,7.3545,1,refund_surge,Refunds
C00045,2025-12-12,42,31.8363,29.3196,59.6675,1.5095,8.1934,1,refund_surge,Refunds
C00045,2025-12-13,43,33.0602,31.705,60.4089,1.5361,8.9,1,refund_surge,Refunds
C00045,2025-12-14,44,32.9575,31.3726,61.4628,1.6994,9.7417,1,refund_surge,Refunds
C00045,2025-12-15,45,31.7426,31.3372,62.0853,1.7176,10.7376,1,refund_surge,Refunds
C00046,2025-12-01,31,16.6646,36.7948,72.9977,0.4833,0.1271,0,normal,-
C00046,2025-12-02,32,15.1749,33.9941,71.7915,0.1196,0.1582,0,normal,-
C00046,2025-12-03,33,14.572,32.3207,69.9989,0.0052,0.0611,0,normal,-
C00046,2025-12-04,34,14.3495,32.4606,68.8308,0.1496,0.3141,0,normal,-
C00046,2025-12-05,35,15.7434,34.8418,72.0934,0.494,0.2767,0,normal,-
C00046,2025-12-06,36,16.353,35.3803,71.9709,0.5417,0.2955,0,normal,-
C00046,2025-12-07,37,17.1675,35.6936,71.4988,0.5398,0.2115,0,normal,-
C00046,2025-12-08,38,16.3711,34.316,72.6007,0.5962,0.2865,0,normal,-
C00046,2025-12-09,39,14.2616,32.7709,69.8871,0.3309,0.0117,0,normal,-
C00046,2025-12-10,40,13.7478,32.484,68.7738,0.1775,0.3179,0,normal,-
C00046,2025-12-11,41,13.1726,32.4586,60.3204,0.1596,7.4131,1,refund_surge,Refunds
C00046,2025-12-12,42,14.6967,34.3703,61.4961,0.3418,8.1171,1,refund_surge,Refunds
C00046,2025-12-13,43,15.6488,35.9438,64.6503,0.6792,8.9,1,refund_surge,Refunds
C00046,2025-12-14,44,16.5756,35.9634,63.444,0.6183,9.8028,1,refund_surge,Refunds
C00046,2025-12-15,45,15.3139,34.517,63.031,0.6056,10.5039,1,refund_surge,Refunds
C00047,2025-12-01,31,18.9649,38.9303,75.2602,0.6565,0.1634,0,normal,-
C00047,2025-12-02,32,17.4132,36.5079,71.8539,0.5796,0.3518,0,normal,-
C00047,2025-12-03,33,16.5252,35.5493,71.8554,0.2427,0.2728,0,normal,-
C00047,2025-12-04,34,16.9135,35.3687,72.3758,0.6064,0.2884,0,normal,-
C00047,2025-12-05,35,17.8226,38.2908,73.1822,0.5804,0.0895,0,normal,-
C00047,2025-12-06,36,18.5803,39.6931,75.4406,0.7046,0.3004,0,normal,-
C00047,2025-12-07,37,19.4185,39.5448,73.8071,0.9285,0.349,0,normal,-
C00047,2025-12-08,38,17.6126,37.4688,74.6064,0.5824,0.1593,0,normal,-
C00047,2025-12-09,39,16.4791,35.631,70.9718,0.4373,0.2903,0,normal,-
C00047,2025-12-10,40,15.2627,34.5071,69.2638,0.5178,0.2493,0,normal,-
C00047,2025-12-11,41,15.3499,35.8626,61.8825,0.3086,7.3459,1,refund_surge,Refunds
C00047,2025-12-12,42,17.0418,37.6109,63.6491,0.4553,8.4106,1,refund_surge,Refunds
C00047,2025-12-13,43,18.1281,37.9928,65.945,0.9073,8.988,1,refund_surge,Refunds
C00047,2025-12-14,44,18.4147,38.7444,65.1148,0.8489,9.7282,1,refund_surge,Refunds
C00047,2025-12-15,45,17.2659,37.2438,63.9243,0.7816,10.685,1,refund_surge,Refunds
C00048,2025-12-01,31,20.7006,43.5537,74.9145,1.0097,0.2239,0,normal,-
C00048,2025-12-02,32,19.5963,40.2611,74.4776,0.6768,0.2661,0,normal,-
C00048,2025-12-03,33,18.4128,39.0721,73.2901,0.6278,0.2527,0,normal,-
C00048,2025-12-04,34,18.7689,40.5134,74.5607,0.9019,0.4009,0,normal,-
C00048,2025-12-05,35,20.1752,41.815,75.8817,0.9318,0.2415,0,normal,-
C00048,2025-12-06,36,21.2491,43.4223,76.3955,1.0588,0.1919,0,normal,-
C00048,2025-12-07,37,20.7217,43.02,76.3084,1.1857,0.325,0,normal,-
C00048,2025-12-08,38,19.8725,42.0563,76.5675,1.1636,0.2039,0,normal,-
C00048,2025-12-09,39,18.3038,40.3305,71.9576,0.7937,0.2541,0,normal,-
C00048,2025-12-10,40,17.1452,37.9905,70.9811,0.6483,0.1588,0,normal,-
C00048,2025-12-11,41,18.1613,38.9683,63.0204,0.657,7.5376,1,refund_surge,Refunds
C00048,2025-12-12,42,18.5314,40.8638,64.9946,0.9551,8.5099,1,refund_surge,Refunds
C00048,2025-12-13,43,20.4247,42.9577,68.2818,1.261,9.1913,1,refund_surge,Refunds
C00048,2025-12-14,44,20.4108,42.4992,68.4582,1.2147,10.0526,1,refund_surge,Refunds
C00048,2025-12-15,45,19.1536,40.2614,67.4883,0.8806,10.8277,1,refund_surge,Refunds
C00049,2025-12-01,31,22.6882,47.122,78.6735,1.1522,0.0366,0,normal,-
C00049,2025-12-02,32,21.9619,45.0763,75.7425,1.1902,0.2005,0,normal,-
C00049,2025-12-03,33,20.5861,41.9877,73.7639,0.8486,0.229,0,normal,-
C00049,2025-12-04,34,20.6624,42.147,74.6639,0.9112,0.0,0,normal,-
C00049,2025-12-05,35,21.7453,45.1564,77.6979,1.1447,0.0871,0,normal,-
C00049,2025-12-06,36,22.9493,46.3503,78.5564,1.4336,0.2395,0,normal,-
C00049,2025-12-07,37,23.4006,47.4445,78.7808,1.4992,0.0,0,normal,-
C00049,2025-12-08,38,21.8958,45.9035,75.9473,1.3838,0.2343,0,normal,-
C00049,2025-12-09,39,20.9805,43.6926,74.9166,1.0563,0.0,0,normal,-
C00049,2025-12-10,40,19.6796,42.3366,74.1596,0.8753,0.133,0,normal,-
C00049,2025-12-11,41,20.1229,41.8455,73.6781,1.1344,0.1337,0,normal,-
C00049,2025-12-12,42,21.2684,44.7458,75.8937,1.0597,0.0,0,normal,-
C00049,2025-12-13,43,21.9738,45.4166,76.4354,1.4175,0.069,0,normal,-
C00049,2025-12-14,44,22.326,45.7086,78.108,1.237,0.2555,0,normal,-
C00049,2025-12-15,45,21.5988,43.9577,76.6949,1.4058,0.0827,0,normal,-
C00050,2025-12-01,31,25.4959,25.3949,79.1854,1.499,0.2061,0,normal,-
C00050,2025-12-02,32,23.2246,23.9162,77.1434,1.3211,0.121,0,normal,-
C00050,2025-12-03,33,23.1695,21.2755,78.287,1.2758,0.1418,0,normal,-
C00050,2025-12-04,34,22.7025,23.5968,76.1713,1.3366,0.2674,0,normal,-
C00050,2025-12-05,35,23.7123,23.7303,79.908,1.4955,0.0325,0,normal,-
C00050,2025-12-06,36,24.8823,26.6251,80.4899,1.6064,0.113,0,normal,-
C00050,2025-12-07,37,25.5751,26.1355,80.2812,1.6195,0.0971,0,normal,-
C00050,2025-12-08,38,23.9752,25.7712,80.0621,1.6597,0.0812,0,normal,-
C00050,2025-12-09,39,22.8247,22.5485,77.9331,1.3727,0.1324,0,normal,-
C00050,2025-12-10,40,22.0836,21.2965,76.9046,1.1395,0.0709,0,normal,-
C00050,2025-12-11,41,22.0113,21.3683,75.8257,1.18,0.2875,0,normal,-
C00050,2025-12-12,42,23.0369,23.7705,78.614,1.4377,0.1927,0,normal,-
C00050,2025-12-13,43,24.4407,24.3636,79.0204,1.8216,0.1798,0,normal,-
C00050,2025-12-14,44,24.8285,26.5377,78.5185,1.5945,0.1693,0,normal,-
C00050,2025-12-15,45,23.7439,23.3981,77.6212,1.6529,0.2792,0,normal,-
C00051,2025-12-01,31,27.2196,28.5282,80.8853,0.5317,0.2614,0,normal,-
C00051,2025-12-02,32,25.8837,26.4807,80.4075,0.2387,0.0341,0,normal,-
C00051,2025-12-03,33,24.9215,25.8383,77.6174,0.0239,0.3107,0,normal,-
C00051,2025-12-04,34,24.6486,26.9571,79.0657,0.0199,0.0997,0,normal,-
C00051,2025-12-05,35,26.2521,27.9288,80.23,0.3633,0.2935,0,normal,-
C00051,2025-12-06,36,27.126,29.7091,80.7834,0.3839,0.0492,0,normal,-
C00051,2025-12-07,37,27.1766,29.8087,81.0053,0.5599,0.2193,0,normal,-
C00051,2025-12-08,38,26.5037,29.1193,79.4857,0.5846,0.2921,0,normal,-
C00051,2025-12-09,39,24.618,26.8584,79.0481,0.2388,0.0202,0,normal,-
C00051,2025-12-10,40,24.1192,25.0306,77.4969,0.0191,0.1976,0,normal,-
C00051,2025-12-11,41,24.0946,26.1266,77.1655,0.3102,0.1072,0,normal,-
C00051,2025-12-12,42,25.0396,26.9685,78.5507,0.3284,0.362,0,normal,-
C00051,2025-12-13,43,26.8349,28.5314,79.9784,0.6928,0.1847,0,normal,-
C00051,2025-12-14,44,26.4164,28.0019,80.618,0.4942,0.3439,0,normal,-
C00051,2025-12-15,45,25.8181,28.0013,79.8924,0.3312,0.2926,0,normal,-
C00052,2025-12-01,31,29.2845,32.9063,84.2649,0.7011,0.0775,0,normal,-
C00052,2025-12-02,32,27.9152,29.3555,82.5955,0.3613,0.1488,0,normal,-
C00052,2025-12-03,33,26.8577,28.5935,79.7856,0.4783,0.1843,0,normal,-
C00052,2025-12-04,34,27.1033,29.8341,81.5584,0.4848,0.1941,0,normal,-
C00052,2025-12-05,35,28.6173,31.9579,81.1573,0.7283,0.1422,0,normal,-
C00052,2025-12-06,36,29.1025,31.7722,83.7188,0.9261,0.3428,0,normal,-
C00052,2025-12-07,37,29.585,34.1158,83.1202,0.778,0.1505,0,normal,-
C00052,2025-12-08,38,28.2681,31.2912,82.1614,0.643,0.3977,0,normal,-
C00052,2025-12-09,39,26.7382,29.2675,79.5122,0.6781,0.2239,0,normal,-
C00052,2025-12-10,40,26.2909,27.9329,79.1607,0.5033,0.329,0,normal,-
C00052,2025-12-11,41,26.0742,28.4164,79.2442,0.352,0.2032,0,normal,-
C00052,2025-12-12,42,27.6249,29.338,79.9764,0.7788,0.3236,0,normal,-
C00052,2025-12-13,43,28.1933,32.5233,81.2216,0.7981,0.2817,0,normal,-
C00052,2025-12-14,44,29.0443,31.9548,81.7431,1.0191,0.3499,0,normal,-
C00052,2025-12-15,45,27.8431,30.5596,80.498,0.71,0.0725,0,normal,-
C00053,2025-12-01,31,31.1757,36.7039,84.628,0.9825,0.2645,0,normal,-
C00053,2025-12-02,32,29.5726,34.6489,83.4897,0.7777,0.2494,0,normal,-
C00053,2025-12-03,33,29.4719,31.8527,83.3136,0.5954,0.0,0,normal,-
C00053,2025-12-04,34,29.4514,32.5488,82.8852,0.6126,0.221,0,normal,-
C00053,2025-12-05,35,30.3975,35.2106,83.5454,0.813,0.2515,0,normal,-
C00053,2025-12-06,36,31.5168,35.9384,84.1138,0.9616,0.142,0,normal,-
C00053,2025-12-07,37,31.7553,37.2706,86.1064,0.9992,0.2498,0,normal,-
C00053,2025-12-08,38,30.7288,35.913,83.553,1.1707,0.2521,0,normal,-
C00053,2025-12-09,39,28.9095,33.8679,83.6493,0.9563,0.0838,0,normal,-
C00053,2025-12-10,40,27.7626,32.5716,79.7186,0.606,0.1145,0,normal,-
C00053,2025-12-11,41,28.1123,32.8641,81.6432,0.9033,0.0,0,normal,-
C00053,2025-12-12,42,29.3612,32.85,83.5889,1.0053,0.2024,0,normal,-
C00053,2025-12-13,43,31.0396,34.7921,84.8863,1.1346,0.0568,0,normal,-
C00053,2025-12-14,44,30.6436,36.4932,83.2059,1.2913,0.0167,0,normal,-
C00053,2025-12-15,45,30.4226,33.6696,84.0554,1.1654,0.0,0,normal,-
C00054,2025-12-01,31,33.5477,40.1119,86.7013,1.2003,0.2206,0,normal,-
C00054,2025-12-02,32,32.0775,37.0144,86.456,0.9519,0.3046,0,normal,-
C00054,2025-12-03,33,31.4063,36.7764,83.5845,1.0008,0.0,0,normal,-
C00054,2025-12-04,34,31.7908,36.1438,83.1167,1.0353,0.2036,0,normal,-
C00054,2025-12-05,35,32.2714,37.9379,86.6631,1.364,0.0559,0,normal,-
C00054,2025-12-06,36,33.3423,39.9399,86.2381,1.1865,0.0553,0,normal,-
C00054,2025-12-07,37,33.3177,40.1624,88.1496,1.3737,0.1629,0,normal,-
C00054,2025-12-08,38,32.7914,38.3319,86.9475,1.3146,0.1895,0,normal,-
C00054,2025-12-09,39,31.5424,37.4398,84.8187,1.169,0.3137,0,normal,-
C00054,2025-12-10,40,30.4632,34.4875,82.5543,1.1195,0.2979,0,normal,-
C00054,2025-12-11,41,30.22,35.019,84.4091,0.8864,0.271,0,normal,-
C00054,2025-12-12,42,31.9795,36.4769,84.5933,1.0564,0.3134,0,normal,-
C00054,2025-12-13,43,32.9895,38.7751,85.8166,1.2949,0.2525,0,normal,-
C00054,2025-12-14,44,33.1132,39.6419,86.8176,1.4567,0.1639,0,normal,-
C00054,2025-12-15,45,32.6058,37.8216,85.3923,1.1246,0.1866,0,normal,-
C00055,2025-12-01,31,16.6127,42.0183,90.0122,1.5389,0.1723,0,normal,-
C00055,2025-12-02,32,14.8721,39.594,85.9686,1.3966,0.2334,0,normal,-
C00055,2025-12-03,33,14.1485,40.407,86.7196,1.353,0.2646,0,normal,-
C00055,2025-12-04,34,14.5661,38.6618,87.4535,1.2286,0.2256,0,normal,-
C00055,2025-12-05,35,16.0352,41.4441,87.9246,1.5561,0.207,0,normal,-
C00055,2025-12-06,36,16.3815,42.581,87.9605,1.8091,0.0384,0,normal,-
C00055,2025-12-07,37,17.2418,44.1377,89.6713,1.6931,0.0824,0,normal,-
C00055,2025-12-08,38,15.8139,42.363,88.9233,1.421,0.3525,0,normal,-
C00055,2025-12-09,39,14.7458,40.2531,84.732,1.2678,0.0924,0,normal,-
C00055,2025-12-10,40,13.5165,37.342,85.8995,1.1497,0.2613,0,normal,-
C00055,2025-12-11,41,13.9637,37.6438,84.1996,1.4109,0.311,0,normal,-
C00055,2025-12-12,42,15.1778,41.5053,87.2005,1.4238,0.3132,0,normal,-
C00055,2025-12-13,43,15.524,41.3704,86.9739,1.7027,0.3287,0,normal,-
C00055,2025-12-14,44,16.1501,42.7128,89.0269,1.7299,0.0917,0,normal,-
C00055,2025-12-15,45,15.71,41.8185,86.3477,1.634,0.1656,0,normal,-
C00056,2025-12-01,31,18.6769,46.3994,69.9662,0.3163,0.108,0,normal,-
C00056,2025-12-02,32,17.485,43.6023,70.0086,0.3534,0.2883,0,normal,-
C00056,2025-12-03,33,16.019,42.1018,68.1063,0.0119,0.2045,0,normal,-
C00056,2025-12-04,34,16.657,42.3669,68.0429,0.2478,0.2051,0,normal,-
C00056,2025-12-05,35,17.9253,44.2513,70.2187,0.3728,0.1245,0,normal,-
C00056,2025-12-06,36,18.8007,47.0346,69.9873,0.4901,0.234,0,normal,-
C00056,2025-12-07,37,19.3802,45.9027,72.2109,0.4983,0.3966,0,normal,-
C00056,2025-12-08,38,18.1312,45.8425,70.826,0.5089,0.3454,0,normal,-
C00056,2025-12-09,39,16.1198,42.1048,68.942,0.0935,0.3684,0,normal,-
C00056,2025-12-10,40,15.3221,42.6916,65.8861,0.0097,0.1446,0,normal,-
C00056,2025-12-11,41,15.9885,41.8319,68.0724,0.208,0.3599,0,normal,-
C00056,2025-12-12,42,16.8195,44.2816,67.6974,0.2065,0.2667,0,normal,-
C00056,2025-12-13,43,18.3945,44.7932,69.4471,0.5336,0.2864,0,normal,-
C00056,2025-12-14,44,18.012,46.0727,69.9232,0.7385,0.3115,0,normal,-
C00056,2025-12-15,45,17.8325,45.7454,69.4432,0.3182,0.2257,0,normal,-
C00057,2025-12-01,31,20.887,26.0233,73.8791,0.6361,0.184,0,normal,-
C00057,2025-12-02,32,19.0562,22.6797,70.4403,0.6184,0.1369,0,normal,-
C00057,2025-12-03,33,18.8092,21.3999,70.502,0.4933,0.0,0,normal,-
C00057,2025-12-04,34,18.9611,21.7643,70.2494,0.6079,0.0465,0,normal,-
C00057,2025-12-05,35,20.038,24.742,70.1145,0.5445,0.2139,0,normal,-
C00057,2025-12-06,36,20.9448,26.5473,72.5787,0.8019,0.1872,0,normal,-
C00057,2025-12-07,37,20.9811,27.4135,71.9361,0.8759,0.0,0,normal,-
C00057,2025-12-08,38,19.9977,24.8476,71.466,0.8779,0.2163,0,normal,-
C00057,2025-12-09,39,19.0177,22.7057,70.8452,0.5173,0.0,0,normal,-
C00057,2025-12-10,40,17.8156,21.2308,67.1862,0.2857,0.0309,0,normal,-
C00057,2025-12-11,41,18.2226,22.0242,68.4448,0.283,0.197,0,normal,-
C00057,2025-12-12,42,19.0875,22.7138,70.3463,0.5162,0.0,0,normal,-
C00057,2025-12-13,43,20.0359,24.3885,71.0291,0.6298,0.0573,0,normal,-
C00057,2025-12-14,44,20.2427,26.5591,71.9465,0.7465,0.0903,0,normal,-
C00057,2025-12-15,45,19.7706,24.1502,72.0369,0.603,0.2592,0,normal,-
C00058,2025-12-01,31,23.2501,29.7742,74.2241,0.8669,0.289,0,normal,-
C00058,2025-12-02,32,21.3327,26.4679,73.0818,0.8353,0.0,0,normal,-
C00058,2025-12-03,33,20.9318,25.1201,70.2803,0.5944,0.0514,0,normal,-
C00058,2025-12-04,34,20.5287,26.8852,71.8042,0.6743,0.2346,0,normal,-
C00058,2025-12-05,35,22.1282,26.6924,73.8735,0.9072,0.2044,0,normal,-
C00058,2025-12-06,36,23.2665,29.5246,73.1458,1.1143,0.0431,0,normal,-
C00058,2025-12-07,37,23.3234,28.6312,75.1685,1.1539,0.0988,0,normal,-
C00058,2025-12-08,38,22.5889,27.586,72.5692,1.0185,0.2903,0,normal,-
C00058,2025-12-09,39,20.9125,25.7049,71.6852,0.8185,0.026,0,normal,-
C00058,2025-12-10,40,19.4215,25.0444,69.8542,0.6333,0.0611,0,normal,-
C00058,2025-12-11,41,19.5391,24.6612,69.2072,0.7752,0.198,0,normal,-
C00058,2025-12-12,42,21.0525,26.6262,71.0036,0.745,0.2516,0,normal,-
C00058,2025-12-13,43,22.4523,29.382,72.445,1.1073,0.2315,0,normal,-
C00058,2025-12-14,44,22.8192,29.3409,74.691,1.2389,0.0963,0,normal,-
C00058,2025-12-15,45,21.2681,27.9754,72.7715,1.1438,0.0583,0,normal,-
C00059,2025-12-01,31,24.9455,33.4439,76.2331,1.4004,0.0967,0,normal,-
C00059,2025-12-02,32,23.514,30.2391,75.1809,0.9529,0.2442,0,normal,-
C00059,2025-12-03,33,22.6815,29.8595,74.4682,0.8633,0.0202,0,normal,-
C00059,2025-12-04,34,23.2055,29.4801,72.5044,0.89,0.0453,0,normal,-
C00059,2025-12-05,35,24.4801,30.582,74.6671,1.3071,0.2097,0,normal,-
C00059,2025-12-06,36,24.826,33.5064,74.8992,1.1932,0.0624,0,normal,-
C00059,2025-12-07,37,25.0661,33.7229,75.2031,1.3157,0.3529,0,normal,-
C00059,2025-12-08,38,24.2599,31.4113,74.9018,1.3567,0.1251,0,normal,-
C00059,2025-12-09,39,22.6916,28.9443,73.1276,1.1268,0.1875,0,normal,-
C00059,2025-12-10,40,21.8934,27.1998,72.0934,0.8069,0.1319,0,normal,-
C00059,2025-12-11,41,21.5598,28.9748,73.3378,0.9761,0.2087,0,normal,-
C00059,2025-12-12,42,22.7801,30.6486,74.0227,1.1364,0.36,0,normal,-
C00059,2025-12-13,43,24.325,30.9189,73.7929,1.3575,0.3371,0,normal,-
C00059,2025-12-14,44,24.5969,32.4538,74.2407,1.4852,0.2705,0,normal,-
C00059,2025-12-15,45,24.1493,30.9982,75.0817,1.1924,0.3644,0,normal,-
C00060,2025-12-01,31,27.0421,35.6478,77.869,1.6759,0.391,0,normal,-
C00060,2025-12-02,32,25.5711,33.9192,75.7924,1.3055,0.402,0,normal,-
C00060,2025-12-03,33,24.8335,32.2734,76.2008,1.3234,0.3133,0,normal,-
C00060,2025-12-04,34,25.4224,33.1016,75.8534,1.3246,0.2343,0,normal,-
C00060,2025-12-05,35,25.8069,34.5273,76.2887,1.4761,0.291,0,normal,-
C00060,2025-12-06,36,27.0655,35.7046,77.3929,1.566,0.2497,0,normal,-
C00060,2025-12-07,37,27.2807,37.4083,79.3436,1.7082,0.192,0,normal,-
C00060,2025-12-08,38,26.2559,35.8414,77.0229,1.5336,0.1624,0,normal,-
C00060,2025-12-09,39,24.8241,33.3358,75.879,1.5151,0.1187,0,normal,-
C00060,2025-12-10,40,24.133,31.1567,74.4415,1.2057,0.26,0,normal,-
C00060,2025-12-11,41,23.9209,32.5891,74.3554,1.1804,0.3236,0,normal,-
C00060,2025-12-12,42,25.5804,33.9386,74.6621,1.5744,0.3606,0,normal,-
C00060,2025-12-13,43,26.1485,35.6832,76.8761,1.5504,0.2395,0,normal,-
C00060,2025-12-14,44,26.5132,35.9076,77.3131,1.5572,0.2821,0,normal,-
C00060,2025-12-15,45,25.6465,35.5243,77.0611,1.7396,0.0711,0,normal,-
C00061,2025-12-01,31,29.6569,38.5697,79.9026,0.6046,0.2332,0,normal,-
C00061,2025-12-02,32,27.6106,37.9186,77.2236,0.3311,0.0,0,normal,-
C00061,2025-12-03,33,26.5646,36.622,76.062,0.0002,0.0819,0,normal,-
C00061,2025-12-04,34,27.3761,36.7612,76.2302,0.3336,0.006,0,normal,-
C00061,2025-12-05,35,27.8329,38.7319,79.2758,0.3548,0.0,0,normal,-
C00061,2025-12-06,36,29.3931,38.6396,78.8113,0.3594,0.0,0,normal,-
C00061,2025-12-07,37,29.218,40.7112,80.9393,0.5911,0.0177,0,normal,-
C00061,2025-12-08,38,28.3013,37.8101,77.6811,0.3548,0.144,0,normal,-
C00061,2025-12-09,39,27.2217,35.4333,76.5845,0.0748,0.0813,0,normal,-
C00061,2025-12-10,40,26.2591,35.3982,75.4237,0.1504,0.0614,0,normal,-
C00061,2025-12-11,41,26.2044,36.35,77.1677,0.1254,0.1319,0,normal,-
C00061,2025-12-12,42,27.5384,37.5822,77.9906,0.3584,0.0627,0,normal,-
C00061,2025-12-13,43,28.5366,38.7581,79.5381,0.4165,0.1299,0,normal,-
C00061,2025-12-14,44,28.7003,38.7142,79.3007,0.533,0.0516,0,normal,-
C00061,2025-12-15,45,27.8555,37.4899,77.1407,0.2712,0.0724,0,normal,-
C00062,2025-12-01,31,31.3354,41.6499,82.7936,0.588,0.0525,0,normal,-
C00062,2025-12-02,32,30.2892,40.6236,81.1597,0.5664,0.1119,0,normal,-
C00062,2025-12-03,33,29.3377,38.8542,79.0712,0.2949,0.0257,0,normal,-
C00062,2025-12-04,34,29.0857,39.3992,77.8346,0.3076,0.2487,0,normal,-
C00062,2025-12-05,35,29.9326,41.4388,80.3094,0.4832,0.3095,0,normal,-
C00062,2025-12-06,36,31.7663,43.3401,83.0105,0.6228,0.0322,0,normal,-
C00062,2025-12-07,37,31.3191,44.3796,81.4303,0.9113,0.2594,0,normal,-
C00062,2025-12-08,38,30.5017,42.0832,79.2866,0.8669,0.0855,0,normal,-
C00062,2025-12-09,39,28.6777,39.9681,80.0946,0.5757,0.2575,0,normal,-
C00062,2025-12-10,40,27.8131,37.6815,77.2121,0.5932,0.0076,0,normal,-
C00062,2025-12-11,41,28.3659,38.9874,77.7995,0.5774,0.0696,0,normal,-
C00062,2025-12-12,42,29.0503,40.6673,78.414,0.6816,0.215,0,normal,-
C00062,2025-12-13,43,30.2702,42.393,81.0139,0.6335,0.2683,0,normal,-
C00062,2025-12-14,44,31.0681,42.9864,81.6772,0.7936,0.1481,0,normal,-
C00062,2025-12-15,45,29.8835,41.7504,79.5074,0.836,0.0523,0,normal,-
C00063,2025-12-01,31,33.8249,45.4316,82.4273,0.8606,0.3461,0,normal,-
C00063,2025-12-02,32,31.8765,44.1347,81.8128,0.6592,0.364,0,normal,-
C00063,2025-12-03,33,31.4591,43.5006,79.1709,0.6018,0.2925,0,normal,-
C00063,2025-12-04,34,31.6063,44.0478,82.105,0.5988,0.178,0,normal,-
C00063,2025-12-05,35,32.1343,45.3352,82.9127,0.8975,0.0627,0,normal,-
C00063,2025-12-06,36,33.7402,45.9268,82.2665,1.186,0.1436,0,normal,-
C00063,2025-12-07,37,33.6481,46.032,84.8492,1.2056,0.3388,0,normal,-
C00063,2025-12-08,38,32.8384,46.3575,83.1196,1.1826,0.0768,0,normal,-
C00063,2025-12-09,39,31.0506,43.2343,81.0584,0.7044,0.3669,0,normal,-
C00063,2025-12-10,40,30.4217,41.4807,78.8701,0.6557,0.2849,0,normal,-
C00063,2025-12-11,41,30.0251,42.1607,80.3995,0.6344,0.0866,0,normal,-
C00063,2025-12-12,42,31.6656,44.4353,81.5797,0.7541,0.3676,0,normal,-
C00063,2025-12-13,43,32.4878,45.9042,83.4407,1.08,0.2898,0,normal,-
C00063,2025-12-14,44,32.9181,46.2712,81.7659,0.9596,0.1785,0,normal,-
C00063,2025-12-15,45,31.7226,44.3799,82.9498,1.1617,0.2471,0,normal,-
C00064,2025-12-01,31,16.9915,25.2979,84.9195,1.3429,0.3081,0,normal,-
C00064,2025-12-02,32,15.197,22.985,83.8547,0.989,0.1936,0,normal,-
C00064,2025-12-03,33,14.6562,23.1118,82.816,0.9719,0.4022,0,normal,-
C00064,2025-12-04,34,14.485,22.1248,82.4158,0.8951,0.3435,0,normal,-
C00064,2025-12-05,35,15.9753,24.8963,83.998,1.0834,0.1086,0,normal,-
C00064,2025-12-06,36,16.5975,25.5381,84.3292,1.4589,0.2356,0,normal,-
C00064,2025-12-07,37,17.1853,25.3592,85.2757,1.3336,0.1485,0,normal,-
C00064,2025-12-08,38,15.661,25.7252,85.1239,1.4523,0.1644,0,normal,-
C00064,2025-12-09,39,14.375,22.6496,81.3015,1.1957,0.2958,0,normal,-
C00064,2025-12-10,40,13.2862,22.478,81.2625,1.0266,0.1206,0,normal,-
C00064,2025-12-11,41,13.3728,21.4492,80.6399,0.8736,0.3717,0,normal,-
C00064,2025-12-12,42,14.7567,23.0162,82.4165,1.0327,0.405,0,normal,-
C00064,2025-12-13,43,15.5801,26.036,83.3905,1.2699,0.4052,0,normal,-
C00064,2025-12-14,44,16.6078,26.3405,84.6168,1.5573,0.3926,0,normal,-
C00064,2025-12-15,45,15.484,25.3483,81.9938,1.4506,0.1846,0,normal,-
C00065,2025-12-01,31,18.9729,29.1564,87.9684,1.5871,0.0581,0,normal,-
C00065,2025-12-02,32,17.4827,27.5089,86.1633,1.2136,0.0,0,normal,-
C00065,2025-12-03,33,16.7614,26.3817,83.4349,1.0938,0.2204,0,normal,-
C00065,2025-12-04,34,16.6806,25.1334,84.5118,1.1481,0.1038,0,normal,-
C00065,2025-12-05,35,17.4092,27.2245,85.8669,1.5881,0.0,0,normal,-
C00065,2025-12-06,36,18.8805,30.1579,86.0246,1.7464,0.1646,0,normal,-
C00065,2025-12-07,37,18.6794,28.9407,87.0419,1.6564,0.1418,0,normal,-
C00065,2025-12-08,38,17.6523,28.8971,85.8639,1.6307,0.2675,0,normal,-
C00065,2025-12-09,39,16.3466,25.1586,82.76,1.2044,0.1527,0,normal,-
C00065,2025-12-10,40,15.0619,25.4888,81.6026,1.1916,0.1851,0,normal,-
C00065,2025-12-11,41,15.959,25.3222,81.9578,1.1865,0.2536,0,normal,-
C00065,2025-12-12,42,16.4803,27.4577,84.5954,1.4238,0.1956,0,normal,-
C00065,2025-12-13,43,18.2574,28.7894,86.4984,1.8178,0.0295,0,normal,-
C00065,2025-12-14,44,18.4745,29.6059,86.2197,1.6088,0.0222,0,normal,-
C00065,2025-12-15,45,17.1626,27.7986,84.1986,1.626,0.109,0,normal,-
C00066,2025-12-01,31,20.5015,31.5907,89.0479,0.4549,0.2224,0,normal,-
C00066,2025-12-02,32,19.7066,30.5392,87.3746,0.146,0.1777,0,normal,-
C00066,2025-12-03,33,18.641,28.4596,85.1685,0.1013,0.0831,0,normal,-
C00066,2025-12-04,34,18.4944,30.3114,87.196,0.2584,0.3047,0,normal,-
C00066,2025-12-05,35,20.2513,31.3961,87.5437,0.443,0.0846,0,normal,-
C00066,2025-12-06,36,20.8895,32.7303,88.8353,0.4886,0.1634,0,normal,-
C00066,2025-12-07,37,21.4766,33.9775,87.6332,0.451,0.2571,0,normal,-
C00066,2025-12-08,38,20.5777,30.6894,86.6723,0.5458,0.0092,0,normal,-
C00066,2025-12-09,39,18.2578,29.7996,87.1158,0.1625,0.1021,0,normal,-
C00066,2025-12-10,40,17.5652,28.6539,84.0565,0.0576,0.3127,0,normal,-
C00066,2025-12-11,41,17.4396,29.0279,84.6899,0.0,0.1874,0,normal,-
C00066,2025-12-12,42,18.6842,29.9431,87.1039,0.2182,0.0,0,normal,-
C00066,2025-12-13,43,19.9638,31.0147,86.6295,0.5313,0.2402,0,normal,-
C00066,2025-12-14,44,20.2277,32.4439,87.2408,0.5274,0.1371,0,normal,-
C00066,2025-12-15,45,19.8735,31.2884,87.7026,0.4121,0.0297,0,normal,-
C00067,2025-12-01,31,23.015,36.971,70.0071,0.7639,0.134,0,normal,-
C00067,2025-12-02,32,21.6943,34.7388,69.4971,0.678,0.2021,0,normal,-
C00067,2025-12-03,33,20.7648,32.6585,66.6106,0.5303,0.1196,0,normal,-
C00067,2025-12-04,34,20.3941,32.5285,67.9435,0.5169,0.3636,0,normal,-
C00067,2025-12-05,35,22.337,34.6958,69.3456,0.4608,0.3016,0,normal,-
C00067,2025-12-06,36,23.3447,36.0082,71.5701,0.818,0.0713,0,normal,-
C00067,2025-12-07,37,23.3938,35.6212,71.1451,0.8707,0.1407,0,normal,-
C00067,2025-12-08,38,22.3475,36.0564,68.98,0.7477,0.3031,0,normal,-
C00067,2025-12-09,39,20.3311,33.7131,68.9981,0.6305,0.3025,0,normal,-
C00067,2025-12-10,40,19.5224,31.2487,67.9043,0.2788,0.3152,0,normal,-
C00067,2025-12-11,41,20.1313,31.7105,65.9435,0.4895,0.2906,0,normal,-
C00067,2025-12-12,42,21.3567,33.1319,69.4033,0.7577,0.3114,0,normal,-
C00067,2025-12-13,43,21.9316,35.9139,68.2873,0.8624,0.1999,0,normal,-
C00067,2025-12-14,44,22.6099,36.6538,69.6984,1.0239,0.0609,0,normal,-
C00067,2025-12-15,45,22.1009,34.2497,68.1501,0.5747,0.0877,0,normal,-
C00068,2025-12-01,31,25.2396,39.0685,73.7953,0.9104,0.2118,0,normal,-
C00068,2025-12-02,32,23.8999,36.4639,71.6953,0.766,0.0708,0,normal,-
C00068,2025-12-03,33,22.7598,35.0096,70.7155,0.5805,0.2902,0,normal,-
C00068,2025-12-04,34,22.7864,35.5205,71.3806,0.8023,0.3008,0,normal,-
C00068,2025-12-05,35,23.6383,37.5871,72.6988,1.0673,0.3104,0,normal,-
C00068,2025-12-06,36,25.1035,38.8453,71.4374,1.1365,0.398,0,normal,-
C00068,2025-12-07,37,24.9644,40.0709,72.32,1.0877,0.2299,0,normal,-
C00068,2025-12-08,38,24.4149,37.5115,71.8272,1.1036,0.164,0,normal,-
C00068,2025-12-09,39,22.7296,36.6255,69.1364,0.8314,0.0757,0,normal,-
C00068,2025-12-10,40,21.4826,35.8705,67.2234,0.6346,0.0819,0,normal,-
C00068,2025-12-11,41,22.0765,35.8386,69.181,0.7532,0.4113,0,normal,-
C00068,2025-12-12,42,23.2303,37.4548,70.1067,0.8351,0.1155,0,normal,-
C00068,2025-12-13,43,24.678,38.4017,72.1438,1.0864,0.2903,0,normal,-
C00068,2025-12-14,44,24.7521,38.6815,71.6736,1.1409,0.2303,0,normal,-
C00068,2025-12-15,45,24.0484,38.8064,71.3312,0.9844,0.1949,0,normal,-
C00069,2025-12-01,31,27.337,42.9979,73.2738,1.4476,0.1974,0,normal,-
C00069,2025-12-02,32,25.3296,40.32,72.5551,1.1362,0.2518,0,normal,-
C00069,2025-12-03,33,24.483,39.5258,71.4856,0.8172,0.1764,0,normal,-
C00069,2025-12-04,34,24.7098,39.6218,71.1633,0.8847,0.2156,0,normal,-
C00069,2025-12-05,35,26.1991,42.1342,72.7053,1.0686,0.0,0,normal,-
C00069,2025-12-06,36,27.1368,43.6945,75.2997,1.3361,0.0,0,normal,-
C00069,2025-12-07,37,27.291,43.9159,74.6214,1.5097,0.0774,0,normal,-
C00069,2025-12-08,38,26.3781,41.4818,72.4426,1.2828,0.0383,0,normal,-
C00069,2025-12-09,39,24.7462,40.3155,72.0018,1.1094,0.0388,0,normal,-
C00069,2025-12-10,40,23.9696,39.4296,71.1481,0.9098,0.1694,0,normal,-
C00069,2025-12-11,41,24.1841,38.0245,69.4874,1.1829,0.2387,0,normal,-
C00069,2025-12-12,42,25.6628,41.121,71.6848,1.1296,0.0,0,normal,-
C00069,2025-12-13,43,26.7497,43.0002,72.0046,1.4706,0.0504,0,normal,-
C00069,2025-12-14,44,26.4762,42.8818,72.8583,1.5695,0.0,0,normal,-
C00069,2025-12-15,45,26.2088,42.1407,73.5002,1.3932,0.224,0,normal,-
C00070,2025-12-01,31,29.2312,46.142,76.1619,1.426,0.1416,0,normal,-
C00070,2025-12-02,32,28.2038,43.6607,74.6993,1.3955,0.2902,0,normal,-
C00070,2025-12-03,33,26.692,41.9523,74.2361,1.3465,0.0045,0,normal,-
C00070,2025-12-04,34,27.4052,42.8439,74.4162,1.4287,0.1618,0,normal,-
C00070,2025-12-05,35,27.9809,45.5934,74.2729,1.4895,0.1823,0,normal,-
C00070,2025-12-06,36,29.7848,47.2611,76.2855,1.6441,0.1691,0,normal,-
C00070,2025-12-07,37,29.4133,46.0788,77.0753,1.7583,0.1003,0,normal,-
C00070,2025-12-08,38,28.543,44.631,75.5582,1.5274,0.0,0,normal,-
C00070,2025-12-09,39,27.2967,43.7371,74.7208,1.4712,0.0407,0,normal,-
C00070,2025-12-10,40,25.7904,41.3723,73.3008,1.3079,0.2551,0,normal,-
C00070,2025-12-11,41,26.5015,42.2959,71.233,1.1419,0.2623,0,normal,-
C00070,2025-12-12,42,27.0386,43.1958,74.3244,1.6135,0.2737,0,normal,-
C00070,2025-12-13,43,28.1043,44.787,75.3007,1.7425,0.2254,0,normal,-
C00070,2025-12-14,44,28.8977,45.6238,74.0757,1.6135,0.1373,0,normal,-
C00070,2025-12-15,45,28.1076,45.2148,73.5244,1.6058,0.0387,0,normal,-
C00071,2025-12-01,31,31.0091,25.8035,78.722,0.5525,0.2,0,normal,-
C00071,2025-12-02,32,29.5328,22.6002,77.4286,0.3599,0.2138,0,normal,-
C00071,2025-12-03,33,28.6636,22.101,75.8992,0.0,0.0767,0,normal,-
C00071,2025-12-04,34,29.2559,22.7678,75.4497,0.2904,0.2546,0,normal,-
C00071,2025-12-05,35,30.328,23.5759,75.4153,0.4291,0.361,0,normal,-
C00071,2025-12-06,36,31.6729,25.9341,77.1808,0.3573,0.1785,0,normal,-
C00071,2025-12-07,37,31.4208,26.2318,77.4451,0.4132,0.0367,0,normal,-
C00071,2025-12-08,38,30.9633,24.6192,77.0593,0.3647,0.1251,0,normal,-
C00071,2025-12-09,39,29.3636,22.0707,75.6991,0.0835,0.2178,0,normal,-
C00071,2025-12-10,40,27.8037,21.4774,73.9964,0.0834,0.1691,0,normal,-
C00071,2025-12-11,41,28.2184,21.1917,72.8096,0.0414,0.0219,0,normal,-
C00071,2025-12-12,42,29.171,23.81,76.5282,0.2421,0.1609,0,normal,-
C00071,2025-12-13,43,30.9241,26.0815,76.7151,0.4335,0.1731,0,normal,-
C00071,2025-12-14,44,30.8238,26.2687,76.0294,0.5951,0.2036,0,normal,-
C00071,2025-12-15,45,30.3668,24.7368,76.1144,0.277,0.3629,0,normal,-
C00072,2025-12-01,31,33.3907,29.971,78.7896,0.8069,0.2072,0,normal,-
C00072,2025-12-02,32,32.4469,27.4162,79.0507,0.5938,0.0875,0,normal,-
C00072,2025-12-03,33,30.7121,25.4042,77.559,0.3286,0.3467,0,normal,-
C00072,2025-12-04,34,31.6024,25.9019,76.7955,0.2938,0.3849,0,normal,-
C00072,2025-12-05,35,32.6031,27.0395,77.9255,0.7718,0.3118,0,normal,-
C00072,2025-12-06,36,33.6414,29.0478,79.4901,0.6605,0.3959,0,normal,-
C00072,2025-12-07,37,33.8219,30.5053,80.4475,0.8953,0.1336,0,normal,-
C00072,2025-12-08,38,32.8561,29.1713,79.9668,0.7982,0.1691,0,normal,-
C00072,2025-12-09,39,31.2915,25.93,76.2239,0.4499,0.2841,0,normal,-
C00072,2025-12-10,40,29.7632,24.7044,75.1923,0.2588,0.0741,0,normal,-
C00072,2025-12-11,41,30.4366,24.2583,74.925,0.6312,0.1944,0,normal,-
C00072,2025-12-12,42,31.7759,27.5498,77.0246,0.6453,0.1138,0,normal,-
C00072,2025-12-13,43,32.736,28.7212,79.4947,0.7019,0.2571,0,normal,-
C00072,2025-12-14,44,33.049,28.9616,79.3278,0.9814,0.1181,0,normal,-
C00072,2025-12-15,45,31.9519,27.6529,79.358,0.8165,0.2258,0,normal,-
C00073,2025-12-01,31,16.4872,32.0843,80.7864,1.1067,0.2018,0,normal,-
C00073,2025-12-02,32,14.824,29.6294,80.8762,0.7676,0.1996,0,normal,-
C00073,2025-12-03,33,14.6615,29.7472,79.7536,0.5819,0.0666,0,normal,-
C00073,2025-12-04,34,14.7218,28.4894,78.7127,0.6782,0.1329,0,normal,-
C00073,2025-12-05,35,15.431,30.1681,80.8754,0.9731,0.0,0,normal,-
C00073,2025-12-06,36,16.5071,32.0993,81.0569,1.2488,0.1994,0,normal,-
C00073,2025-12-07,37,16.8843,33.9545,82.3464,1.1151,0.0604,0,normal,-
C00073,2025-12-08,38,16.1676,31.974,80.2658,0.8628,0.0,0,normal,-
C00073,2025-12-09,39,14.5809,28.7056,78.3707,0.9846,0.0962,0,normal,-
C00073,2025-12-10,40,13.801,28.2812,77.5654,0.6553,0.0,0,normal,-
C00073,2025-12-11,41,13.8163,29.5881,76.3685,0.7288,0.1007,0,normal,-
C00073,2025-12-12,42,14.6484,30.6978,80.4627,0.776,0.2261,0,normal,-
C00073,2025-12-13,43,15.6393,32.1689,81.7215,1.0619,0.195,0,normal,-
C00073,2025-12-14,44,15.7818,33.0218,80.6575,1.3024,0.063,0,normal,-
C00073,2025-12-15,45,15.156,30.359,80.6579,0.8529,0.1757,0,normal,-
C00074,2025-12-01,31,18.6528,35.3384,82.7182,1.4311,0.2611,0,normal,-
C00074,2025-12-02,32,17.4818,34.0448,80.7322,0.9993,0.1688,0,normal,-
C00074,2025-12-03,33,16.0661,33.5707,81.9205,1.0329,0.145,0,normal,-
C00074,2025-12-04,34,16.544,33.5674,82.0449,1.042,0.3142,0,normal,-
C00074,2025-12-05,35,17.7904,34.5823,80.8683,1.2181,0.2934,0,normal,-
C00074,2025-12-06,36,18.5901,35.381,84.3188,1.1874,0.0505,0,normal,-
C00074,2025-12-07,37,19.399,35.4513,84.14,1.3634,0.1219,0,normal,-
C00074,2025-12-08,38,17.6833,36.0269,82.3956,1.3328,0.205,0,normal,-
C00074,2025-12-09,39,16.545,33.6502,80.4741,1.0536,0.0,0,normal,-
C00074,2025-12-10,40,15.1154,31.1577,78.9611,1.0824,0.0711,0,normal,-
C00074,2025-12-11,41,16.0574,31.3509,79.675,1.1723,0.1975,0,normal,-
C00074,2025-12-12,42,16.9689,32.7208,80.915,1.0271,0.1389,0,normal,-
C00074,2025-12-13,43,17.9628,35.9111,83.282,1.4129,0.0382,0,normal,-
C00074,2025-12-14,44,18.1479,36.5636,82.8568,1.524,0.2465,0,normal,-
C00074,2025-12-15,45,17.0506,33.8348,82.349,1.1115,0.2624,0,normal,-
C00075,2025-12-01,31,20.5562,39.4146,84.687,1.6451,0.2956,0,normal,-
C00075,2025-12-02,32,19.0025,36.3373,83.533,1.5349,0.3059,0,normal,-
C00075,2025-12-03,33,18.2377,36.3394,82.9694,1.162,0.0677,0,normal,-
C00075,2025-12-04,34,18.669,36.027,83.8177,1.4507,0.2982,0,normal,-
C00075,2025-12-05,35,19.7608,37.9092,82.695,1.4165,0.2169,0,normal,-
C00075,2025-12-06,36,21.1673,40.6019,84.0895,1.6688,0.3612,0,normal,-
C00075,2025-12-07,37,21.2483,40.672,86.4839,1.5438,0.3057,0,normal,-
C00075,2025-12-08,38,19.7577,37.8338,82.9998,1.7023,0.2804,0,normal,-
C00075,2025-12-09,39,18.3473,37.083,83.1507,1.2137,0.2193,0,normal,-
C00075,2025-12-10,40,17.3198,33.9799,79.9161,1.2304,0.1299,0,normal,-
C00075,2025-12-11,41,17.3451,36.3388,80.6445,1.3702,0.3658,0,normal,-
C00075,2025-12-12,42,18.5698,37.0429,83.4847,1.4922,0.1345,0,normal,-
C00075,2025-12-13,43,19.9475,39.4423,83.079,1.6663,0.1839,0,normal,-
C00075,2025-12-14,44,20.5033,39.3184,85.431,1.6528,0.066,0,normal,-
C00075,2025-12-15,45,19.3506,38.9023,84.1292,1.5343,0.2764,0,normal,-
C00076,2025-12-01,31,23.1306,42.8564,85.5768,0.3908,0.3982,0,normal,-
C00076,2025-12-02,32,21.8884,40.484,85.2947,0.3261,0.3361,0,normal,-
C00076,2025-12-03,33,20.2312,39.4181,84.5168,0.2831,0.4044,0,normal,-
C00076,2025-12-04,34,21.2827,39.3112,84.7256,0.3191,0.4059,0,normal,-
C00076,2025-12-05,35,21.8483,41.9219,85.0122,0.3046,0.2685,0,normal,-
C00076,2025-12-06,36,22.7709,42.7095,85.8313,0.3634,0.4073,0,normal,-
C00076,2025-12-07,37,23.3114,43.4862,87.6069,0.5277,0.22,0,normal,-
C00076,2025-12-08,38,22.6027,42.6381,84.738,0.4623,0.321,0,normal,-
C00076,2025-12-09,39,20.6724,38.7828,84.675,0.1615,0.2376,0,normal,-
C00076,2025-12-10,40,19.4805,38.8041,83.5243,0.2998,0.3018,0,normal,-
C00076,2025-12-11,41,19.9451,38.2691,83.3534,0.3447,0.2012,0,normal,-
C00076,2025-12-12,42,20.7944,39.3398,84.4603,0.3057,0.3668,0,normal,-
C00076,2025-12-13,43,21.9252,41.7805,85.0949,0.5698,0.36,0,normal,-
C00076,2025-12-14,44,22.1351,41.9252,85.871,0.4763,0.3846,0,normal,-
C00076,2025-12-15,45,21.3845,40.4306,85.2886,0.3316,0.0914,0,normal,-
C00077,2025-12-01,31,24.7966,45.0942,89.9922,0.796,0.0,0,normal,-
C00077,2025-12-02,32,23.3161,44.5188,87.071,0.6607,0.0,0,normal,-
C00077,2025-12-03,33,23.0615,42.1601,86.5715,0.2504,0.1919,0,normal,-
C00077,2025-12-04,34,22.6089,42.176,85.7419,0.2949,0.0087,0,normal,-
C00077,2025-12-05,35,23.8023,45.1508,88.4397,0.574,0.1976,0,normal,-
C00077,2025-12-06,36,24.9468,47.1365,88.7128,0.7501,0.2361,0,normal,-
C00077,2025-12-07,37,24.9853,46.7975,87.973,0.6901,0.0,0,normal,-
C00077,2025-12-08,38,24.0258,45.5408,87.5374,0.8635,0.16,0,normal,-
C00077,2025-12-09,39,23.0107,43.119,85.5864,0.5735,0.2212,0,normal,-
C00077,2025-12-10,40,21.4833,42.3556,84.8041,0.2785,0.1948,0,normal,-
C00077,2025-12-11,41,21.7692,42.8861,85.6037,0.5736,0.0,0,normal,-
C00077,2025-12-12,42,23.0403,43.0905,86.4751,0.7385,0.0,0,normal,-
C00077,2025-12-13,43,23.9904,45.5298,87.6876,0.7541,0.115,0,normal,-
C00077,2025-12-14,44,24.5013,46.7084,88.9644,0.9912,0.0812,0,normal,-
C00077,2025-12-15,45,23.997,45.558,86.6572,0.7976,0.2455,0,normal,-
C00078,2025-12-01,31,26.9804,25.2795,70.2334,1.0841,0.0,0,normal,-
C00078,2025-12-02,32,25.8079,23.0256,69.8334,0.7159,0.3064,0,normal,-
C00078,2025-12-03,33,24.9858,21.2637,68.0572,0.7626,0.0127,0,normal,-
C00078,2025-12-04,34,25.4374,23.3785,69.3779,0.6091,0.0121,0,normal,-
C00078,2025-12-05,35,26.0565,24.4578,68.3887,1.0657,0.0683,0,normal,-
C00078,2025-12-06,36,26.9798,25.7126,72.1479,1.0026,0.2837,0,normal,-
C00078,2025-12-07,37,27.3886,27.2084,71.8364,1.038,0.2654,0,normal,-
C00078,2025-12-08,38,26.5656,25.3179,68.5095,1.0045,0.195,0,normal,-
C00078,2025-12-09,39,24.5899,23.1116,68.8121,0.6437,0.1552,0,normal,-
C00078,2025-12-10,40,24.1571,22.2334,67.6146,0.5956,0.1256,0,normal,-
C00078,2025-12-11,41,24.0395,21.9035,66.6473,0.6746,0.0359,0,normal,-
C00078,2025-12-12,42,25.2131,22.5789,69.437,0.9625,0.0,0,normal,-
C00078,2025-12-13,43,26.6706,25.5993,70.5674,1.1949,0.2964,0,normal,-
C00078,2025-12-14,44,26.3261,26.4983,69.6374,1.1782,0.2004,0,normal,-
C00078,2025-12-15,45,25.4603,23.2536,68.0099,1.1337,0.0324,0,normal,-
C00079,2025-12-01,31,29.1564,28.8655,71.3289,1.3879,0.2524,0,normal,-
C00079,2025-12-02,32,27.6043,27.7635,70.8024,1.0461,0.0421,0,normal,-
C00079,2025-12-03,33,27.1307,26.3636,68.4876,0.9101,0.219,0,normal,-
C00079,2025-12-04,34,27.4106,27.0311,70.4497,0.9706,0.1698,0,normal,-
C00079,2025-12-05,35,28.4733,26.8084,71.5154,1.3406,0.1398,0,normal,-
C00079,2025-12-06,36,29.3245,28.3517,73.8468,1.2149,0.2723,0,normal,-
C00079,2025-12-07,37,29.6321,29.0808,72.3023,1.4214,0.1452,0,normal,-
C00079,2025-12-08,38,28.2465,28.2745,70.1749,1.1548,0.1088,0,normal,-
C00079,2025-12-09,39,26.9338,25.434,68.3694,1.1387,0.2482,0,normal,-
C00079,2025-12-10,40,25.6266,25.3114,67.3691,0.9062,0.3493,0,normal,-
C00079,2025-12-11,41,26.2463,25.6876,68.5305,1.1788,0.1612,0,normal,-
C00079,2025-12-12,42,27.3707,27.1577,69.8228,1.2139,0.2031,0,normal,-
C00079,2025-12-13,43,28.2778,27.8217,71.4581,1.3562,0.048,0,normal,-
C00079,2025-12-14,44,28.9113,29.5527,70.7776,1.4592,0.2562,0,normal,-
C00079,2025-12-15,45,27.5447,28.708,71.3316,1.4524,0.2072,0,normal,-
C00080,2025-12-01,31,31.4768,33.1082,74.0059,1.5556,0.275,0,normal,-
C00080,2025-12-02,32,30.2712,29.618,71.9609,1.21,0.1673,0,normal,-
C00080,2025-12-03,33,28.9628,28.6936,72.7625,1.1289,0.2838,0,normal,-
C00080,2025-12-04,34,29.3012,30.1807,70.7986,1.3834,0.1945,0,normal,-
C00080,2025-12-05,35,30.0477,30.3026,73.7847,1.4561,0.3705,0,normal,-
C00080,2025-12-06,36,31.8169,32.8778,74.6991,1.5305,0.2738,0,normal,-
C00080,2025-12-07,37,31.7642,33.8626,75.9021,1.7044,0.2206,0,normal,-
C00080,2025-12-08,38,30.9057,32.6547,73.68,1.7254,0.1614,0,normal,-
C00080,2025-12-09,39,28.9671,29.1421,70.854,1.3124,0.2058,0,normal,-
C00080,2025-12-10,40,27.7163,27.5979,70.4353,1.2091,0.3798,0,normal,-
C00080,2025-12-11,41,28.0988,27.8372,71.4472,1.1747,0.3048,0,normal,-
C00080,2025-12-12,42,29.114,31.0212,71.0318,1.4547,0.1341,0,normal,-
C00080,2025-12-13,43,30.5497,32.302,71.937,1.5455,0.2278,0,normal,-
C00080,2025-12-14,44,30.9911,32.3674,74.1492,1.7928,0.2087,0,normal,-
C00080,2025-12-15,45,30.3586,31.8266,71.2759,1.6704,0.416,0,normal,-
